"platform","product_slug","hook","caption","destination_url","required_media","status"
"Facebook","lovevook-satchel","Work Bag Check: Does It Fit Your Day?","Work Bag Check: Does It Fit Your Day?
Pockets, straps and real-world carry are worth comparing before you buy a work satchel.
Read the PIREVO buying guide: https://www.astralabsph.com/pirevo/products/lovevook-satchel/?utm_source=facebook&utm_medium=organic_social&utm_campaign=pirevo_crosspost_oct2026&utm_content=lovevook-satchel-facebook-v1
Affiliate disclosure: PIREVO may earn from qualifying Amazon purchases.","https://www.astralabsph.com/pirevo/products/lovevook-satchel/?utm_source=facebook&utm_medium=organic_social&utm_campaign=pirevo_crosspost_oct2026&utm_content=lovevook-satchel-facebook-v1","Accurate brand/product image or original carousel 4:5","DRAFT_AWAITING_FINISHED_MEDIA_AND_CHANNEL_SLOT"
"Instagram","lovevook-satchel","Work Bag Check: Does It Fit Your Day?","Work Bag Check: Does It Fit Your Day?. Pockets, straps and real-world carry are worth comparing before you buy a work satchel. Discover the full product details through our PIREVO link in bio. Affiliate links may generate a commission.","https://www.astralabsph.com/pirevo/products/lovevook-satchel/?utm_source=instagram&utm_medium=organic_social&utm_campaign=pirevo_crosspost_oct2026&utm_content=lovevook-satchel-instagram-v1","Original 4:5 carousel with exact product","DRAFT_AWAITING_FINISHED_MEDIA_AND_CHANNEL_SLOT"
"Threads","lovevook-satchel","Work Bag Check: Does It Fit Your Day?","A satchel deserves a closer look at the things you'll actually carry.
Pockets, straps and real-world carry are worth comparing before you buy a work satchel.
See the PIREVO notes: https://www.astralabsph.com/pirevo/products/lovevook-satchel/?utm_source=threads&utm_medium=organic_social&utm_campaign=pirevo_crosspost_oct2026&utm_content=lovevook-satchel-threads-v1
Affiliate links disclosed on site.","https://www.astralabsph.com/pirevo/products/lovevook-satchel/?utm_source=threads&utm_medium=organic_social&utm_campaign=pirevo_crosspost_oct2026&utm_content=lovevook-satchel-threads-v1","Original product photograph optional; avoid unlicensed images","DRAFT_AWAITING_FINISHED_MEDIA_AND_CHANNEL_SLOT"
"TikTok","lovevook-satchel","Work Bag Check: Does It Fit Your Day?","What makes a work bag practical? Compare at PIREVO. #ad #ShoppingTips","https://www.astralabsph.com/pirevo/products/lovevook-satchel/?utm_source=tiktok&utm_medium=organic_social&utm_campaign=pirevo_crosspost_oct2026&utm_content=lovevook-satchel-tiktok-v1","Original 9:16 23–60fps video or supported image slideshow","DRAFT_AWAITING_FINISHED_MEDIA_AND_CHANNEL_SLOT"
"YouTube Shorts","lovevook-satchel","Work Bag Check: Does It Fit Your Day?","What makes a work bag practical? | PIREVO
Pockets, straps and real-world carry are worth comparing before you buy a work satchel.
Full comparison: https://www.astralabsph.com/pirevo/products/lovevook-satchel/?utm_source=youtube&utm_medium=organic_social&utm_campaign=pirevo_crosspost_oct2026&utm_content=lovevook-satchel-youtube-v1
Affiliate disclosure: qualifying Amazon purchases may earn PIREVO a commission.","https://www.astralabsph.com/pirevo/products/lovevook-satchel/?utm_source=youtube&utm_medium=organic_social&utm_campaign=pirevo_crosspost_oct2026&utm_content=lovevook-satchel-youtube-v1","Original 9:16 MP4 with honest product detail demonstration; not for kids unless truly directed to children","DRAFT_AWAITING_FINISHED_MEDIA_AND_CHANNEL_SLOT"
"Facebook","cosrx-snail-mucin-96","Snail Mucin Buying Checklist","Snail Mucin Buying Checklist
Looking at COSRX Snail Mucin? Compare the ingredients, product size and suitability before trying a new routine.
Read the PIREVO buying guide: https://www.astralabsph.com/pirevo/products/cosrx-snail-mucin-96/?utm_source=facebook&utm_medium=organic_social&utm_campaign=pirevo_crosspost_oct2026&utm_content=cosrx-snail-mucin-96-facebook-v1
Affiliate disclosure: PIREVO may earn from qualifying Amazon purchases.","https://www.astralabsph.com/pirevo/products/cosrx-snail-mucin-96/?utm_source=facebook&utm_medium=organic_social&utm_campaign=pirevo_crosspost_oct2026&utm_content=cosrx-snail-mucin-96-facebook-v1","Accurate brand/product image or original carousel 4:5","DRAFT_AWAITING_FINISHED_MEDIA_AND_CHANNEL_SLOT"
"Instagram","cosrx-snail-mucin-96","Snail Mucin Buying Checklist","Snail Mucin Buying Checklist. Looking at COSRX Snail Mucin? Compare the ingredients, product size and suitability before trying a new routine. Discover the full product details through our PIREVO link in bio. Affiliate links may generate a commission.","https://www.astralabsph.com/pirevo/products/cosrx-snail-mucin-96/?utm_source=instagram&utm_medium=organic_social&utm_campaign=pirevo_crosspost_oct2026&utm_content=cosrx-snail-mucin-96-instagram-v1","Original 4:5 carousel with exact product","DRAFT_AWAITING_FINISHED_MEDIA_AND_CHANNEL_SLOT"
"Threads","cosrx-snail-mucin-96","Snail Mucin Buying Checklist","Before adding a new skincare step, read its actual formula.
Looking at COSRX Snail Mucin? Compare the ingredients, product size and suitability before trying a new routine.
See the PIREVO notes: https://www.astralabsph.com/pirevo/products/cosrx-snail-mucin-96/?utm_source=threads&utm_medium=organic_social&utm_campaign=pirevo_crosspost_oct2026&utm_content=cosrx-snail-mucin-96-threads-v1
Affiliate links disclosed on site.","https://www.astralabsph.com/pirevo/products/cosrx-snail-mucin-96/?utm_source=threads&utm_medium=organic_social&utm_campaign=pirevo_crosspost_oct2026&utm_content=cosrx-snail-mucin-96-threads-v1","Original product photograph optional; avoid unlicensed images","DRAFT_AWAITING_FINISHED_MEDIA_AND_CHANNEL_SLOT"
"TikTok","cosrx-snail-mucin-96","Snail Mucin Buying Checklist","Before the viral skincare haul, check this label. Compare at PIREVO. #ad #ShoppingTips","https://www.astralabsph.com/pirevo/products/cosrx-snail-mucin-96/?utm_source=tiktok&utm_medium=organic_social&utm_campaign=pirevo_crosspost_oct2026&utm_content=cosrx-snail-mucin-96-tiktok-v1","Original 9:16 23–60fps video or supported image slideshow","DRAFT_AWAITING_FINISHED_MEDIA_AND_CHANNEL_SLOT"
"YouTube Shorts","cosrx-snail-mucin-96","Snail Mucin Buying Checklist","Before the viral skincare haul, check this label. | PIREVO
Looking at COSRX Snail Mucin? Compare the ingredients, product size and suitability before trying a new routine.
Full comparison: https://www.astralabsph.com/pirevo/products/cosrx-snail-mucin-96/?utm_source=youtube&utm_medium=organic_social&utm_campaign=pirevo_crosspost_oct2026&utm_content=cosrx-snail-mucin-96-youtube-v1
Affiliate disclosure: qualifying Amazon purchases may earn PIREVO a commission.","https://www.astralabsph.com/pirevo/products/cosrx-snail-mucin-96/?utm_source=youtube&utm_medium=organic_social&utm_campaign=pirevo_crosspost_oct2026&utm_content=cosrx-snail-mucin-96-youtube-v1","Original 9:16 MP4 with honest product detail demonstration; not for kids unless truly directed to children","DRAFT_AWAITING_FINISHED_MEDIA_AND_CHANNEL_SLOT"
"Facebook","wrangler-satchel","Poetcore Satchel, Practical Questions","Poetcore Satchel, Practical Questions
A structured satchel can fit a trend and still be practical. See what to compare in this Wrangler bag.
Read the PIREVO buying guide: https://www.astralabsph.com/pirevo/products/wrangler-satchel/?utm_source=facebook&utm_medium=organic_social&utm_campaign=pirevo_crosspost_oct2026&utm_content=wrangler-satchel-facebook-v1
Affiliate disclosure: PIREVO may earn from qualifying Amazon purchases.","https://www.astralabsph.com/pirevo/products/wrangler-satchel/?utm_source=facebook&utm_medium=organic_social&utm_campaign=pirevo_crosspost_oct2026&utm_content=wrangler-satchel-facebook-v1","Accurate brand/product image or original carousel 4:5","DRAFT_AWAITING_FINISHED_MEDIA_AND_CHANNEL_SLOT"
"Instagram","wrangler-satchel","Poetcore Satchel, Practical Questions","Poetcore Satchel, Practical Questions. A structured satchel can fit a trend and still be practical. See what to compare in this Wrangler bag. Discover the full product details through our PIREVO link in bio. Affiliate links may generate a commission.","https://www.astralabsph.com/pirevo/products/wrangler-satchel/?utm_source=instagram&utm_medium=organic_social&utm_campaign=pirevo_crosspost_oct2026&utm_content=wrangler-satchel-instagram-v1","Original 4:5 carousel with exact product","DRAFT_AWAITING_FINISHED_MEDIA_AND_CHANNEL_SLOT"
"Threads","wrangler-satchel","Poetcore Satchel, Practical Questions","Poetcore is about the style. Your actual bag still needs to work.
A structured satchel can fit a trend and still be practical. See what to compare in this Wrangler bag.
See the PIREVO notes: https://www.astralabsph.com/pirevo/products/wrangler-satchel/?utm_source=threads&utm_medium=organic_social&utm_campaign=pirevo_crosspost_oct2026&utm_content=wrangler-satchel-threads-v1
Affiliate links disclosed on site.","https://www.astralabsph.com/pirevo/products/wrangler-satchel/?utm_source=threads&utm_medium=organic_social&utm_campaign=pirevo_crosspost_oct2026&utm_content=wrangler-satchel-threads-v1","Original product photograph optional; avoid unlicensed images","DRAFT_AWAITING_FINISHED_MEDIA_AND_CHANNEL_SLOT"
"TikTok","wrangler-satchel","Poetcore Satchel, Practical Questions","Three things to compare in a satchel. Compare at PIREVO. #ad #ShoppingTips","https://www.astralabsph.com/pirevo/products/wrangler-satchel/?utm_source=tiktok&utm_medium=organic_social&utm_campaign=pirevo_crosspost_oct2026&utm_content=wrangler-satchel-tiktok-v1","Original 9:16 23–60fps video or supported image slideshow","DRAFT_AWAITING_FINISHED_MEDIA_AND_CHANNEL_SLOT"
"YouTube Shorts","wrangler-satchel","Poetcore Satchel, Practical Questions","Three things to compare in a satchel. | PIREVO
A structured satchel can fit a trend and still be practical. See what to compare in this Wrangler bag.
Full comparison: https://www.astralabsph.com/pirevo/products/wrangler-satchel/?utm_source=youtube&utm_medium=organic_social&utm_campaign=pirevo_crosspost_oct2026&utm_content=wrangler-satchel-youtube-v1
Affiliate disclosure: qualifying Amazon purchases may earn PIREVO a commission.","https://www.astralabsph.com/pirevo/products/wrangler-satchel/?utm_source=youtube&utm_medium=organic_social&utm_campaign=pirevo_crosspost_oct2026&utm_content=wrangler-satchel-youtube-v1","Original 9:16 MP4 with honest product detail demonstration; not for kids unless truly directed to children","DRAFT_AWAITING_FINISHED_MEDIA_AND_CHANNEL_SLOT"
"Facebook","fullstar-pro-chopper","Before You Buy Another Kitchen Gadget","Before You Buy Another Kitchen Gadget
What matters in a vegetable chopper: capacity, parts and cleaning. Compare the Fullstar details.
Read the PIREVO buying guide: https://www.astralabsph.com/pirevo/products/fullstar-pro-chopper/?utm_source=facebook&utm_medium=organic_social&utm_campaign=pirevo_crosspost_oct2026&utm_content=fullstar-pro-chopper-facebook-v1
Affiliate disclosure: PIREVO may earn from qualifying Amazon purchases.","https://www.astralabsph.com/pirevo/products/fullstar-pro-chopper/?utm_source=facebook&utm_medium=organic_social&utm_campaign=pirevo_crosspost_oct2026&utm_content=fullstar-pro-chopper-facebook-v1","Accurate brand/product image or original carousel 4:5","DRAFT_AWAITING_FINISHED_MEDIA_AND_CHANNEL_SLOT"
"Instagram","fullstar-pro-chopper","Before You Buy Another Kitchen Gadget","Before You Buy Another Kitchen Gadget. What matters in a vegetable chopper: capacity, parts and cleaning. Compare the Fullstar details. Discover the full product details through our PIREVO link in bio. Affiliate links may generate a commission.","https://www.astralabsph.com/pirevo/products/fullstar-pro-chopper/?utm_source=instagram&utm_medium=organic_social&utm_campaign=pirevo_crosspost_oct2026&utm_content=fullstar-pro-chopper-instagram-v1","Original 4:5 carousel with exact product","DRAFT_AWAITING_FINISHED_MEDIA_AND_CHANNEL_SLOT"
"Threads","fullstar-pro-chopper","Before You Buy Another Kitchen Gadget","Kitchen gadgets earn counter space when they fit your routine.
What matters in a vegetable chopper: capacity, parts and cleaning. Compare the Fullstar details.
See the PIREVO notes: https://www.astralabsph.com/pirevo/products/fullstar-pro-chopper/?utm_source=threads&utm_medium=organic_social&utm_campaign=pirevo_crosspost_oct2026&utm_content=fullstar-pro-chopper-threads-v1
Affiliate links disclosed on site.","https://www.astralabsph.com/pirevo/products/fullstar-pro-chopper/?utm_source=threads&utm_medium=organic_social&utm_campaign=pirevo_crosspost_oct2026&utm_content=fullstar-pro-chopper-threads-v1","Original product photograph optional; avoid unlicensed images","DRAFT_AWAITING_FINISHED_MEDIA_AND_CHANNEL_SLOT"
"TikTok","fullstar-pro-chopper","Before You Buy Another Kitchen Gadget","Before buying a chopper, check these three things. Compare at PIREVO. #ad #ShoppingTips","https://www.astralabsph.com/pirevo/products/fullstar-pro-chopper/?utm_source=tiktok&utm_medium=organic_social&utm_campaign=pirevo_crosspost_oct2026&utm_content=fullstar-pro-chopper-tiktok-v1","Original 9:16 23–60fps video or supported image slideshow","DRAFT_AWAITING_FINISHED_MEDIA_AND_CHANNEL_SLOT"
"YouTube Shorts","fullstar-pro-chopper","Before You Buy Another Kitchen Gadget","Before buying a chopper, check these three things. | PIREVO
What matters in a vegetable chopper: capacity, parts and cleaning. Compare the Fullstar details.
Full comparison: https://www.astralabsph.com/pirevo/products/fullstar-pro-chopper/?utm_source=youtube&utm_medium=organic_social&utm_campaign=pirevo_crosspost_oct2026&utm_content=fullstar-pro-chopper-youtube-v1
Affiliate disclosure: qualifying Amazon purchases may earn PIREVO a commission.","https://www.astralabsph.com/pirevo/products/fullstar-pro-chopper/?utm_source=youtube&utm_medium=organic_social&utm_campaign=pirevo_crosspost_oct2026&utm_content=fullstar-pro-chopper-youtube-v1","Original 9:16 MP4 with honest product detail demonstration; not for kids unless truly directed to children","DRAFT_AWAITING_FINISHED_MEDIA_AND_CHANNEL_SLOT"
"Facebook","laneige-lip-sleeping-mask","A Small Gift Worth Comparing","A Small Gift Worth Comparing
Compare size, formula and packaging before making a Laneige lip mask a self-care gift.
Read the PIREVO buying guide: https://www.astralabsph.com/pirevo/products/laneige-lip-sleeping-mask/?utm_source=facebook&utm_medium=organic_social&utm_campaign=pirevo_crosspost_oct2026&utm_content=laneige-lip-sleeping-mask-facebook-v1
Affiliate disclosure: PIREVO may earn from qualifying Amazon purchases.","https://www.astralabsph.com/pirevo/products/laneige-lip-sleeping-mask/?utm_source=facebook&utm_medium=organic_social&utm_campaign=pirevo_crosspost_oct2026&utm_content=laneige-lip-sleeping-mask-facebook-v1","Accurate brand/product image or original carousel 4:5","DRAFT_AWAITING_FINISHED_MEDIA_AND_CHANNEL_SLOT"
"Instagram","laneige-lip-sleeping-mask","A Small Gift Worth Comparing","A Small Gift Worth Comparing. Compare size, formula and packaging before making a Laneige lip mask a self-care gift. Discover the full product details through our PIREVO link in bio. Affiliate links may generate a commission.","https://www.astralabsph.com/pirevo/products/laneige-lip-sleeping-mask/?utm_source=instagram&utm_medium=organic_social&utm_campaign=pirevo_crosspost_oct2026&utm_content=laneige-lip-sleeping-mask-instagram-v1","Original 4:5 carousel with exact product","DRAFT_AWAITING_FINISHED_MEDIA_AND_CHANNEL_SLOT"
"Threads","laneige-lip-sleeping-mask","A Small Gift Worth Comparing","Skincare gifting starts with ingredients and personal fit.
Compare size, formula and packaging before making a Laneige lip mask a self-care gift.
See the PIREVO notes: https://www.astralabsph.com/pirevo/products/laneige-lip-sleeping-mask/?utm_source=threads&utm_medium=organic_social&utm_campaign=pirevo_crosspost_oct2026&utm_content=laneige-lip-sleeping-mask-threads-v1
Affiliate links disclosed on site.","https://www.astralabsph.com/pirevo/products/laneige-lip-sleeping-mask/?utm_source=threads&utm_medium=organic_social&utm_campaign=pirevo_crosspost_oct2026&utm_content=laneige-lip-sleeping-mask-threads-v1","Original product photograph optional; avoid unlicensed images","DRAFT_AWAITING_FINISHED_MEDIA_AND_CHANNEL_SLOT"
"TikTok","laneige-lip-sleeping-mask","A Small Gift Worth Comparing","Small beauty gift, three things to check. Compare at PIREVO. #ad #ShoppingTips","https://www.astralabsph.com/pirevo/products/laneige-lip-sleeping-mask/?utm_source=tiktok&utm_medium=organic_social&utm_campaign=pirevo_crosspost_oct2026&utm_content=laneige-lip-sleeping-mask-tiktok-v1","Original 9:16 23–60fps video or supported image slideshow","DRAFT_AWAITING_FINISHED_MEDIA_AND_CHANNEL_SLOT"
"YouTube Shorts","laneige-lip-sleeping-mask","A Small Gift Worth Comparing","Small beauty gift, three things to check. | PIREVO
Compare size, formula and packaging before making a Laneige lip mask a self-care gift.
Full comparison: https://www.astralabsph.com/pirevo/products/laneige-lip-sleeping-mask/?utm_source=youtube&utm_medium=organic_social&utm_campaign=pirevo_crosspost_oct2026&utm_content=laneige-lip-sleeping-mask-youtube-v1
Affiliate disclosure: qualifying Amazon purchases may earn PIREVO a commission.","https://www.astralabsph.com/pirevo/products/laneige-lip-sleeping-mask/?utm_source=youtube&utm_medium=organic_social&utm_campaign=pirevo_crosspost_oct2026&utm_content=laneige-lip-sleeping-mask-youtube-v1","Original 9:16 MP4 with honest product detail demonstration; not for kids unless truly directed to children","DRAFT_AWAITING_FINISHED_MEDIA_AND_CHANNEL_SLOT"
"Facebook","biodance-bio-collagen-real-deep-mask","Face Mask Shopping Checklist","Face Mask Shopping Checklist
Compare pack quantity, directions and ingredients for the Biodance mask.
Read the PIREVO buying guide: https://www.astralabsph.com/pirevo/products/biodance-bio-collagen-real-deep-mask/?utm_source=facebook&utm_medium=organic_social&utm_campaign=pirevo_crosspost_oct2026&utm_content=biodance-bio-collagen-real-deep-mask-facebook-v1
Affiliate disclosure: PIREVO may earn from qualifying Amazon purchases.","https://www.astralabsph.com/pirevo/products/biodance-bio-collagen-real-deep-mask/?utm_source=facebook&utm_medium=organic_social&utm_campaign=pirevo_crosspost_oct2026&utm_content=biodance-bio-collagen-real-deep-mask-facebook-v1","Accurate brand/product image or original carousel 4:5","DRAFT_AWAITING_FINISHED_MEDIA_AND_CHANNEL_SLOT"
"Instagram","biodance-bio-collagen-real-deep-mask","Face Mask Shopping Checklist","Face Mask Shopping Checklist. Compare pack quantity, directions and ingredients for the Biodance mask. Discover the full product details through our PIREVO link in bio. Affiliate links may generate a commission.","https://www.astralabsph.com/pirevo/products/biodance-bio-collagen-real-deep-mask/?utm_source=instagram&utm_medium=organic_social&utm_campaign=pirevo_crosspost_oct2026&utm_content=biodance-bio-collagen-real-deep-mask-instagram-v1","Original 4:5 carousel with exact product","DRAFT_AWAITING_FINISHED_MEDIA_AND_CHANNEL_SLOT"
"Threads","biodance-bio-collagen-real-deep-mask","Face Mask Shopping Checklist","Not all sheet masks are the same. Read the details first.
Compare pack quantity, directions and ingredients for the Biodance mask.
See the PIREVO notes: https://www.astralabsph.com/pirevo/products/biodance-bio-collagen-real-deep-mask/?utm_source=threads&utm_medium=organic_social&utm_campaign=pirevo_crosspost_oct2026&utm_content=biodance-bio-collagen-real-deep-mask-threads-v1
Affiliate links disclosed on site.","https://www.astralabsph.com/pirevo/products/biodance-bio-collagen-real-deep-mask/?utm_source=threads&utm_medium=organic_social&utm_campaign=pirevo_crosspost_oct2026&utm_content=biodance-bio-collagen-real-deep-mask-threads-v1","Original product photograph optional; avoid unlicensed images","DRAFT_AWAITING_FINISHED_MEDIA_AND_CHANNEL_SLOT"
"TikTok","biodance-bio-collagen-real-deep-mask","Face Mask Shopping Checklist","Sheet mask checklist in 15 seconds. Compare at PIREVO. #ad #ShoppingTips","https://www.astralabsph.com/pirevo/products/biodance-bio-collagen-real-deep-mask/?utm_source=tiktok&utm_medium=organic_social&utm_campaign=pirevo_crosspost_oct2026&utm_content=biodance-bio-collagen-real-deep-mask-tiktok-v1","Original 9:16 23–60fps video or supported image slideshow","DRAFT_AWAITING_FINISHED_MEDIA_AND_CHANNEL_SLOT"
"YouTube Shorts","biodance-bio-collagen-real-deep-mask","Face Mask Shopping Checklist","Sheet mask checklist in 15 seconds. | PIREVO
Compare pack quantity, directions and ingredients for the Biodance mask.
Full comparison: https://www.astralabsph.com/pirevo/products/biodance-bio-collagen-real-deep-mask/?utm_source=youtube&utm_medium=organic_social&utm_campaign=pirevo_crosspost_oct2026&utm_content=biodance-bio-collagen-real-deep-mask-youtube-v1
Affiliate disclosure: qualifying Amazon purchases may earn PIREVO a commission.","https://www.astralabsph.com/pirevo/products/biodance-bio-collagen-real-deep-mask/?utm_source=youtube&utm_medium=organic_social&utm_campaign=pirevo_crosspost_oct2026&utm_content=biodance-bio-collagen-real-deep-mask-youtube-v1","Original 9:16 MP4 with honest product detail demonstration; not for kids unless truly directed to children","DRAFT_AWAITING_FINISHED_MEDIA_AND_CHANNEL_SLOT"
"Facebook","ninja-possiblecooker-pro-plus","Cozy Cooking, Smarter Comparison","Cozy Cooking, Smarter Comparison
Compare cooking functions, capacity and cleaning for the Ninja PossibleCooker.
Read the PIREVO buying guide: https://www.astralabsph.com/pirevo/products/ninja-possiblecooker-pro-plus/?utm_source=facebook&utm_medium=organic_social&utm_campaign=pirevo_crosspost_oct2026&utm_content=ninja-possiblecooker-pro-plus-facebook-v1
Affiliate disclosure: PIREVO may earn from qualifying Amazon purchases.","https://www.astralabsph.com/pirevo/products/ninja-possiblecooker-pro-plus/?utm_source=facebook&utm_medium=organic_social&utm_campaign=pirevo_crosspost_oct2026&utm_content=ninja-possiblecooker-pro-plus-facebook-v1","Accurate brand/product image or original carousel 4:5","DRAFT_AWAITING_FINISHED_MEDIA_AND_CHANNEL_SLOT"
"Instagram","ninja-possiblecooker-pro-plus","Cozy Cooking, Smarter Comparison","Cozy Cooking, Smarter Comparison. Compare cooking functions, capacity and cleaning for the Ninja PossibleCooker. Discover the full product details through our PIREVO link in bio. Affiliate links may generate a commission.","https://www.astralabsph.com/pirevo/products/ninja-possiblecooker-pro-plus/?utm_source=instagram&utm_medium=organic_social&utm_campaign=pirevo_crosspost_oct2026&utm_content=ninja-possiblecooker-pro-plus-instagram-v1","Original 4:5 carousel with exact product","DRAFT_AWAITING_FINISHED_MEDIA_AND_CHANNEL_SLOT"
"Threads","ninja-possiblecooker-pro-plus","Cozy Cooking, Smarter Comparison","A multi-cooker has to fit your real kitchen workflow.
Compare cooking functions, capacity and cleaning for the Ninja PossibleCooker.
See the PIREVO notes: https://www.astralabsph.com/pirevo/products/ninja-possiblecooker-pro-plus/?utm_source=threads&utm_medium=organic_social&utm_campaign=pirevo_crosspost_oct2026&utm_content=ninja-possiblecooker-pro-plus-threads-v1
Affiliate links disclosed on site.","https://www.astralabsph.com/pirevo/products/ninja-possiblecooker-pro-plus/?utm_source=threads&utm_medium=organic_social&utm_campaign=pirevo_crosspost_oct2026&utm_content=ninja-possiblecooker-pro-plus-threads-v1","Original product photograph optional; avoid unlicensed images","DRAFT_AWAITING_FINISHED_MEDIA_AND_CHANNEL_SLOT"
"TikTok","ninja-possiblecooker-pro-plus","Cozy Cooking, Smarter Comparison","One cooker, what specs matter? Compare at PIREVO. #ad #ShoppingTips","https://www.astralabsph.com/pirevo/products/ninja-possiblecooker-pro-plus/?utm_source=tiktok&utm_medium=organic_social&utm_campaign=pirevo_crosspost_oct2026&utm_content=ninja-possiblecooker-pro-plus-tiktok-v1","Original 9:16 23–60fps video or supported image slideshow","DRAFT_AWAITING_FINISHED_MEDIA_AND_CHANNEL_SLOT"
"YouTube Shorts","ninja-possiblecooker-pro-plus","Cozy Cooking, Smarter Comparison","One cooker, what specs matter? | PIREVO
Compare cooking functions, capacity and cleaning for the Ninja PossibleCooker.
Full comparison: https://www.astralabsph.com/pirevo/products/ninja-possiblecooker-pro-plus/?utm_source=youtube&utm_medium=organic_social&utm_campaign=pirevo_crosspost_oct2026&utm_content=ninja-possiblecooker-pro-plus-youtube-v1
Affiliate disclosure: qualifying Amazon purchases may earn PIREVO a commission.","https://www.astralabsph.com/pirevo/products/ninja-possiblecooker-pro-plus/?utm_source=youtube&utm_medium=organic_social&utm_campaign=pirevo_crosspost_oct2026&utm_content=ninja-possiblecooker-pro-plus-youtube-v1","Original 9:16 MP4 with honest product detail demonstration; not for kids unless truly directed to children","DRAFT_AWAITING_FINISHED_MEDIA_AND_CHANNEL_SLOT"
"Facebook","govee-tv-backlight-3-lite","TV Backlight Setup Questions","TV Backlight Setup Questions
Before upgrading room lighting, check the exact Govee model, TV-size compatibility and setup.
Read the PIREVO buying guide: https://www.astralabsph.com/pirevo/products/govee-tv-backlight-3-lite/?utm_source=facebook&utm_medium=organic_social&utm_campaign=pirevo_crosspost_oct2026&utm_content=govee-tv-backlight-3-lite-facebook-v1
Affiliate disclosure: PIREVO may earn from qualifying Amazon purchases.","https://www.astralabsph.com/pirevo/products/govee-tv-backlight-3-lite/?utm_source=facebook&utm_medium=organic_social&utm_campaign=pirevo_crosspost_oct2026&utm_content=govee-tv-backlight-3-lite-facebook-v1","Accurate brand/product image or original carousel 4:5","DRAFT_AWAITING_FINISHED_MEDIA_AND_CHANNEL_SLOT"
"Instagram","govee-tv-backlight-3-lite","TV Backlight Setup Questions","TV Backlight Setup Questions. Before upgrading room lighting, check the exact Govee model, TV-size compatibility and setup. Discover the full product details through our PIREVO link in bio. Affiliate links may generate a commission.","https://www.astralabsph.com/pirevo/products/govee-tv-backlight-3-lite/?utm_source=instagram&utm_medium=organic_social&utm_campaign=pirevo_crosspost_oct2026&utm_content=govee-tv-backlight-3-lite-instagram-v1","Original 4:5 carousel with exact product","DRAFT_AWAITING_FINISHED_MEDIA_AND_CHANNEL_SLOT"
"Threads","govee-tv-backlight-3-lite","TV Backlight Setup Questions","Ambient lighting looks great when it actually fits your screen.
Before upgrading room lighting, check the exact Govee model, TV-size compatibility and setup.
See the PIREVO notes: https://www.astralabsph.com/pirevo/products/govee-tv-backlight-3-lite/?utm_source=threads&utm_medium=organic_social&utm_campaign=pirevo_crosspost_oct2026&utm_content=govee-tv-backlight-3-lite-threads-v1
Affiliate links disclosed on site.","https://www.astralabsph.com/pirevo/products/govee-tv-backlight-3-lite/?utm_source=threads&utm_medium=organic_social&utm_campaign=pirevo_crosspost_oct2026&utm_content=govee-tv-backlight-3-lite-threads-v1","Original product photograph optional; avoid unlicensed images","DRAFT_AWAITING_FINISHED_MEDIA_AND_CHANNEL_SLOT"
"TikTok","govee-tv-backlight-3-lite","TV Backlight Setup Questions","Will this backlight fit your TV? Compare at PIREVO. #ad #ShoppingTips","https://www.astralabsph.com/pirevo/products/govee-tv-backlight-3-lite/?utm_source=tiktok&utm_medium=organic_social&utm_campaign=pirevo_crosspost_oct2026&utm_content=govee-tv-backlight-3-lite-tiktok-v1","Original 9:16 23–60fps video or supported image slideshow","DRAFT_AWAITING_FINISHED_MEDIA_AND_CHANNEL_SLOT"
"YouTube Shorts","govee-tv-backlight-3-lite","TV Backlight Setup Questions","Will this backlight fit your TV? | PIREVO
Before upgrading room lighting, check the exact Govee model, TV-size compatibility and setup.
Full comparison: https://www.astralabsph.com/pirevo/products/govee-tv-backlight-3-lite/?utm_source=youtube&utm_medium=organic_social&utm_campaign=pirevo_crosspost_oct2026&utm_content=govee-tv-backlight-3-lite-youtube-v1
Affiliate disclosure: qualifying Amazon purchases may earn PIREVO a commission.","https://www.astralabsph.com/pirevo/products/govee-tv-backlight-3-lite/?utm_source=youtube&utm_medium=organic_social&utm_campaign=pirevo_crosspost_oct2026&utm_content=govee-tv-backlight-3-lite-youtube-v1","Original 9:16 MP4 with honest product detail demonstration; not for kids unless truly directed to children","DRAFT_AWAITING_FINISHED_MEDIA_AND_CHANNEL_SLOT"
"Facebook","bagsmart-hanging-toiletry","A Better Travel Bag Checklist","A Better Travel Bag Checklist
Compare compartments, hook design, dimensions and organization in this BAGSMART toiletry bag.
Read the PIREVO buying guide: https://www.astralabsph.com/pirevo/products/bagsmart-hanging-toiletry/?utm_source=facebook&utm_medium=organic_social&utm_campaign=pirevo_crosspost_oct2026&utm_content=bagsmart-hanging-toiletry-facebook-v1
Affiliate disclosure: PIREVO may earn from qualifying Amazon purchases.","https://www.astralabsph.com/pirevo/products/bagsmart-hanging-toiletry/?utm_source=facebook&utm_medium=organic_social&utm_campaign=pirevo_crosspost_oct2026&utm_content=bagsmart-hanging-toiletry-facebook-v1","Accurate brand/product image or original carousel 4:5","DRAFT_AWAITING_FINISHED_MEDIA_AND_CHANNEL_SLOT"
"Instagram","bagsmart-hanging-toiletry","A Better Travel Bag Checklist","A Better Travel Bag Checklist. Compare compartments, hook design, dimensions and organization in this BAGSMART toiletry bag. Discover the full product details through our PIREVO link in bio. Affiliate links may generate a commission.","https://www.astralabsph.com/pirevo/products/bagsmart-hanging-toiletry/?utm_source=instagram&utm_medium=organic_social&utm_campaign=pirevo_crosspost_oct2026&utm_content=bagsmart-hanging-toiletry-instagram-v1","Original 4:5 carousel with exact product","DRAFT_AWAITING_FINISHED_MEDIA_AND_CHANNEL_SLOT"
"Threads","bagsmart-hanging-toiletry","A Better Travel Bag Checklist","A travel bag can make packing easier, but check the layout.
Compare compartments, hook design, dimensions and organization in this BAGSMART toiletry bag.
See the PIREVO notes: https://www.astralabsph.com/pirevo/products/bagsmart-hanging-toiletry/?utm_source=threads&utm_medium=organic_social&utm_campaign=pirevo_crosspost_oct2026&utm_content=bagsmart-hanging-toiletry-threads-v1
Affiliate links disclosed on site.","https://www.astralabsph.com/pirevo/products/bagsmart-hanging-toiletry/?utm_source=threads&utm_medium=organic_social&utm_campaign=pirevo_crosspost_oct2026&utm_content=bagsmart-hanging-toiletry-threads-v1","Original product photograph optional; avoid unlicensed images","DRAFT_AWAITING_FINISHED_MEDIA_AND_CHANNEL_SLOT"
"TikTok","bagsmart-hanging-toiletry","A Better Travel Bag Checklist","Pack smarter: bag details before checkout. Compare at PIREVO. #ad #ShoppingTips","https://www.astralabsph.com/pirevo/products/bagsmart-hanging-toiletry/?utm_source=tiktok&utm_medium=organic_social&utm_campaign=pirevo_crosspost_oct2026&utm_content=bagsmart-hanging-toiletry-tiktok-v1","Original 9:16 23–60fps video or supported image slideshow","DRAFT_AWAITING_FINISHED_MEDIA_AND_CHANNEL_SLOT"
"YouTube Shorts","bagsmart-hanging-toiletry","A Better Travel Bag Checklist","Pack smarter: bag details before checkout. | PIREVO
Compare compartments, hook design, dimensions and organization in this BAGSMART toiletry bag.
Full comparison: https://www.astralabsph.com/pirevo/products/bagsmart-hanging-toiletry/?utm_source=youtube&utm_medium=organic_social&utm_campaign=pirevo_crosspost_oct2026&utm_content=bagsmart-hanging-toiletry-youtube-v1
Affiliate disclosure: qualifying Amazon purchases may earn PIREVO a commission.","https://www.astralabsph.com/pirevo/products/bagsmart-hanging-toiletry/?utm_source=youtube&utm_medium=organic_social&utm_campaign=pirevo_crosspost_oct2026&utm_content=bagsmart-hanging-toiletry-youtube-v1","Original 9:16 MP4 with honest product detail demonstration; not for kids unless truly directed to children","DRAFT_AWAITING_FINISHED_MEDIA_AND_CHANNEL_SLOT"
"Facebook","stanley-quencher-30-rose-quartz","Tumbler Gift: Size Matters","Tumbler Gift: Size Matters
Stanley Quencher shopping? Compare actual 30 oz capacity, the color and everyday cleaning.
Read the PIREVO buying guide: https://www.astralabsph.com/pirevo/products/stanley-quencher-30-rose-quartz/?utm_source=facebook&utm_medium=organic_social&utm_campaign=pirevo_crosspost_oct2026&utm_content=stanley-quencher-30-rose-quartz-facebook-v1
Affiliate disclosure: PIREVO may earn from qualifying Amazon purchases.","https://www.astralabsph.com/pirevo/products/stanley-quencher-30-rose-quartz/?utm_source=facebook&utm_medium=organic_social&utm_campaign=pirevo_crosspost_oct2026&utm_content=stanley-quencher-30-rose-quartz-facebook-v1","Accurate brand/product image or original carousel 4:5","DRAFT_AWAITING_FINISHED_MEDIA_AND_CHANNEL_SLOT"
"Instagram","stanley-quencher-30-rose-quartz","Tumbler Gift: Size Matters","Tumbler Gift: Size Matters. Stanley Quencher shopping? Compare actual 30 oz capacity, the color and everyday cleaning. Discover the full product details through our PIREVO link in bio. Affiliate links may generate a commission.","https://www.astralabsph.com/pirevo/products/stanley-quencher-30-rose-quartz/?utm_source=instagram&utm_medium=organic_social&utm_campaign=pirevo_crosspost_oct2026&utm_content=stanley-quencher-30-rose-quartz-instagram-v1","Original 4:5 carousel with exact product","DRAFT_AWAITING_FINISHED_MEDIA_AND_CHANNEL_SLOT"
"Threads","stanley-quencher-30-rose-quartz","Tumbler Gift: Size Matters","The right tumbler is about fit, not only color.
Stanley Quencher shopping? Compare actual 30 oz capacity, the color and everyday cleaning.
See the PIREVO notes: https://www.astralabsph.com/pirevo/products/stanley-quencher-30-rose-quartz/?utm_source=threads&utm_medium=organic_social&utm_campaign=pirevo_crosspost_oct2026&utm_content=stanley-quencher-30-rose-quartz-threads-v1
Affiliate links disclosed on site.","https://www.astralabsph.com/pirevo/products/stanley-quencher-30-rose-quartz/?utm_source=threads&utm_medium=organic_social&utm_campaign=pirevo_crosspost_oct2026&utm_content=stanley-quencher-30-rose-quartz-threads-v1","Original product photograph optional; avoid unlicensed images","DRAFT_AWAITING_FINISHED_MEDIA_AND_CHANNEL_SLOT"
"TikTok","stanley-quencher-30-rose-quartz","Tumbler Gift: Size Matters","Before buying a tumbler, compare three specs. Compare at PIREVO. #ad #ShoppingTips","https://www.astralabsph.com/pirevo/products/stanley-quencher-30-rose-quartz/?utm_source=tiktok&utm_medium=organic_social&utm_campaign=pirevo_crosspost_oct2026&utm_content=stanley-quencher-30-rose-quartz-tiktok-v1","Original 9:16 23–60fps video or supported image slideshow","DRAFT_AWAITING_FINISHED_MEDIA_AND_CHANNEL_SLOT"
"YouTube Shorts","stanley-quencher-30-rose-quartz","Tumbler Gift: Size Matters","Before buying a tumbler, compare three specs. | PIREVO
Stanley Quencher shopping? Compare actual 30 oz capacity, the color and everyday cleaning.
Full comparison: https://www.astralabsph.com/pirevo/products/stanley-quencher-30-rose-quartz/?utm_source=youtube&utm_medium=organic_social&utm_campaign=pirevo_crosspost_oct2026&utm_content=stanley-quencher-30-rose-quartz-youtube-v1
Affiliate disclosure: qualifying Amazon purchases may earn PIREVO a commission.","https://www.astralabsph.com/pirevo/products/stanley-quencher-30-rose-quartz/?utm_source=youtube&utm_medium=organic_social&utm_campaign=pirevo_crosspost_oct2026&utm_content=stanley-quencher-30-rose-quartz-youtube-v1","Original 9:16 MP4 with honest product detail demonstration; not for kids unless truly directed to children","DRAFT_AWAITING_FINISHED_MEDIA_AND_CHANNEL_SLOT"
"Facebook","godonlif-candle-warmer-lamp","A Cozy Corner Without Guesswork","A Cozy Corner Without Guesswork
Before choosing a candle-warmer lamp, check its dimensions, controls and safety directions.
Read the PIREVO buying guide: https://www.astralabsph.com/pirevo/products/godonlif-candle-warmer-lamp/?utm_source=facebook&utm_medium=organic_social&utm_campaign=pirevo_crosspost_oct2026&utm_content=godonlif-candle-warmer-lamp-facebook-v1
Affiliate disclosure: PIREVO may earn from qualifying Amazon purchases.","https://www.astralabsph.com/pirevo/products/godonlif-candle-warmer-lamp/?utm_source=facebook&utm_medium=organic_social&utm_campaign=pirevo_crosspost_oct2026&utm_content=godonlif-candle-warmer-lamp-facebook-v1","Accurate brand/product image or original carousel 4:5","DRAFT_AWAITING_FINISHED_MEDIA_AND_CHANNEL_SLOT"
"Instagram","godonlif-candle-warmer-lamp","A Cozy Corner Without Guesswork","A Cozy Corner Without Guesswork. Before choosing a candle-warmer lamp, check its dimensions, controls and safety directions. Discover the full product details through our PIREVO link in bio. Affiliate links may generate a commission.","https://www.astralabsph.com/pirevo/products/godonlif-candle-warmer-lamp/?utm_source=instagram&utm_medium=organic_social&utm_campaign=pirevo_crosspost_oct2026&utm_content=godonlif-candle-warmer-lamp-instagram-v1","Original 4:5 carousel with exact product","DRAFT_AWAITING_FINISHED_MEDIA_AND_CHANNEL_SLOT"
"Threads","godonlif-candle-warmer-lamp","A Cozy Corner Without Guesswork","Cozy lighting ideas are useful when you compare product specs.
Before choosing a candle-warmer lamp, check its dimensions, controls and safety directions.
See the PIREVO notes: https://www.astralabsph.com/pirevo/products/godonlif-candle-warmer-lamp/?utm_source=threads&utm_medium=organic_social&utm_campaign=pirevo_crosspost_oct2026&utm_content=godonlif-candle-warmer-lamp-threads-v1
Affiliate links disclosed on site.","https://www.astralabsph.com/pirevo/products/godonlif-candle-warmer-lamp/?utm_source=threads&utm_medium=organic_social&utm_campaign=pirevo_crosspost_oct2026&utm_content=godonlif-candle-warmer-lamp-threads-v1","Original product photograph optional; avoid unlicensed images","DRAFT_AWAITING_FINISHED_MEDIA_AND_CHANNEL_SLOT"
"TikTok","godonlif-candle-warmer-lamp","A Cozy Corner Without Guesswork","Is a candle warmer right for your room? Compare at PIREVO. #ad #ShoppingTips","https://www.astralabsph.com/pirevo/products/godonlif-candle-warmer-lamp/?utm_source=tiktok&utm_medium=organic_social&utm_campaign=pirevo_crosspost_oct2026&utm_content=godonlif-candle-warmer-lamp-tiktok-v1","Original 9:16 23–60fps video or supported image slideshow","DRAFT_AWAITING_FINISHED_MEDIA_AND_CHANNEL_SLOT"
"YouTube Shorts","godonlif-candle-warmer-lamp","A Cozy Corner Without Guesswork","Is a candle warmer right for your room? | PIREVO
Before choosing a candle-warmer lamp, check its dimensions, controls and safety directions.
Full comparison: https://www.astralabsph.com/pirevo/products/godonlif-candle-warmer-lamp/?utm_source=youtube&utm_medium=organic_social&utm_campaign=pirevo_crosspost_oct2026&utm_content=godonlif-candle-warmer-lamp-youtube-v1
Affiliate disclosure: qualifying Amazon purchases may earn PIREVO a commission.","https://www.astralabsph.com/pirevo/products/godonlif-candle-warmer-lamp/?utm_source=youtube&utm_medium=organic_social&utm_campaign=pirevo_crosspost_oct2026&utm_content=godonlif-candle-warmer-lamp-youtube-v1","Original 9:16 MP4 with honest product detail demonstration; not for kids unless truly directed to children","DRAFT_AWAITING_FINISHED_MEDIA_AND_CHANNEL_SLOT"
"Facebook","brightown-fairy-lights-12","Holiday Lighting Details to Compare","Holiday Lighting Details to Compare
Before decorating, check battery requirements, strand lengths and safe placement for fairy lights.
Read the PIREVO buying guide: https://www.astralabsph.com/pirevo/products/brightown-fairy-lights-12/?utm_source=facebook&utm_medium=organic_social&utm_campaign=pirevo_crosspost_oct2026&utm_content=brightown-fairy-lights-12-facebook-v1
Affiliate disclosure: PIREVO may earn from qualifying Amazon purchases.","https://www.astralabsph.com/pirevo/products/brightown-fairy-lights-12/?utm_source=facebook&utm_medium=organic_social&utm_campaign=pirevo_crosspost_oct2026&utm_content=brightown-fairy-lights-12-facebook-v1","Accurate brand/product image or original carousel 4:5","DRAFT_AWAITING_FINISHED_MEDIA_AND_CHANNEL_SLOT"
"Instagram","brightown-fairy-lights-12","Holiday Lighting Details to Compare","Holiday Lighting Details to Compare. Before decorating, check battery requirements, strand lengths and safe placement for fairy lights. Discover the full product details through our PIREVO link in bio. Affiliate links may generate a commission.","https://www.astralabsph.com/pirevo/products/brightown-fairy-lights-12/?utm_source=instagram&utm_medium=organic_social&utm_campaign=pirevo_crosspost_oct2026&utm_content=brightown-fairy-lights-12-instagram-v1","Original 4:5 carousel with exact product","DRAFT_AWAITING_FINISHED_MEDIA_AND_CHANNEL_SLOT"
"Threads","brightown-fairy-lights-12","Holiday Lighting Details to Compare","Make holiday lighting easy to plan, not a tangled afterthought.
Before decorating, check battery requirements, strand lengths and safe placement for fairy lights.
See the PIREVO notes: https://www.astralabsph.com/pirevo/products/brightown-fairy-lights-12/?utm_source=threads&utm_medium=organic_social&utm_campaign=pirevo_crosspost_oct2026&utm_content=brightown-fairy-lights-12-threads-v1
Affiliate links disclosed on site.","https://www.astralabsph.com/pirevo/products/brightown-fairy-lights-12/?utm_source=threads&utm_medium=organic_social&utm_campaign=pirevo_crosspost_oct2026&utm_content=brightown-fairy-lights-12-threads-v1","Original product photograph optional; avoid unlicensed images","DRAFT_AWAITING_FINISHED_MEDIA_AND_CHANNEL_SLOT"
"TikTok","brightown-fairy-lights-12","Holiday Lighting Details to Compare","Holiday lighting checklist before you buy. Compare at PIREVO. #ad #ShoppingTips","https://www.astralabsph.com/pirevo/products/brightown-fairy-lights-12/?utm_source=tiktok&utm_medium=organic_social&utm_campaign=pirevo_crosspost_oct2026&utm_content=brightown-fairy-lights-12-tiktok-v1","Original 9:16 23–60fps video or supported image slideshow","DRAFT_AWAITING_FINISHED_MEDIA_AND_CHANNEL_SLOT"
"YouTube Shorts","brightown-fairy-lights-12","Holiday Lighting Details to Compare","Holiday lighting checklist before you buy. | PIREVO
Before decorating, check battery requirements, strand lengths and safe placement for fairy lights.
Full comparison: https://www.astralabsph.com/pirevo/products/brightown-fairy-lights-12/?utm_source=youtube&utm_medium=organic_social&utm_campaign=pirevo_crosspost_oct2026&utm_content=brightown-fairy-lights-12-youtube-v1
Affiliate disclosure: qualifying Amazon purchases may earn PIREVO a commission.","https://www.astralabsph.com/pirevo/products/brightown-fairy-lights-12/?utm_source=youtube&utm_medium=organic_social&utm_campaign=pirevo_crosspost_oct2026&utm_content=brightown-fairy-lights-12-youtube-v1","Original 9:16 MP4 with honest product detail demonstration; not for kids unless truly directed to children","DRAFT_AWAITING_FINISHED_MEDIA_AND_CHANNEL_SLOT"
