"day","platform","slug","title","description","creative_brief","tracked_url","status"
"1","Pinterest","lovevook-satchel","A Work Bag That Keeps Up","Compare pockets, straps and everyday capacity. Read more on PIREVO. #ad","Accurate LOVEVOOK bag with notebook and essentials.","https://www.astralabsph.com/pirevo/products/lovevook-satchel/?utm_source=pinterest&utm_medium=organic_social&utm_campaign=pirevo_trends_oct2026&utm_content=work-bag-reset","DRAFT_NOT_PUBLISHED"
"2","Pinterest","cosrx-snail-mucin-96","Snail Mucin: What to Check","Compare ingredients and suitability before adding a skincare step. Read more on PIREVO. #ad","Exact COSRX packaging on a clean vanity.","https://www.astralabsph.com/pirevo/products/cosrx-snail-mucin-96/?utm_source=pinterest&utm_medium=organic_social&utm_campaign=pirevo_trends_oct2026&utm_content=kbeauty-essence","DRAFT_NOT_PUBLISHED"
"3","Pinterest","wrangler-satchel","Poetcore Bags for Everyday Style","Compare satchel dimensions, structure and fit for daily carry. Read more on PIREVO. #ad","Wrangler bag with jacket and notebook.","https://www.astralabsph.com/pirevo/products/wrangler-satchel/?utm_source=pinterest&utm_medium=organic_social&utm_campaign=pirevo_trends_oct2026&utm_content=poetcore-satchel","DRAFT_NOT_PUBLISHED"
"4","Pinterest","fullstar-pro-chopper","Kitchen Prep Gadget Checklist","Check capacity, blades and cleaning details. Read more on PIREVO. #ad","Exact chopper and vegetables; no misleading performance footage.","https://www.astralabsph.com/pirevo/products/fullstar-pro-chopper/?utm_source=pinterest&utm_medium=organic_social&utm_campaign=pirevo_trends_oct2026&utm_content=kitchen-shortcut","DRAFT_NOT_PUBLISHED"
"5","Pinterest","laneige-lip-sleeping-mask","Beauty Gifts Worth Comparing","Check formula and gifting fit for this Laneige pick. Read more on PIREVO. #ad","Exact Laneige jar on minimalist cream vanity.","https://www.astralabsph.com/pirevo/products/laneige-lip-sleeping-mask/?utm_source=pinterest&utm_medium=organic_social&utm_campaign=pirevo_trends_oct2026&utm_content=beauty-gifts","DRAFT_NOT_PUBLISHED"
"6","Pinterest","biodance-bio-collagen-real-deep-mask","Sheet Mask Buying Checklist","Review ingredients, pack size and usage information. Read more on PIREVO. #ad","Exact Biodance pack as a studio flat lay.","https://www.astralabsph.com/pirevo/products/biodance-bio-collagen-real-deep-mask/?utm_source=pinterest&utm_medium=organic_social&utm_campaign=pirevo_trends_oct2026&utm_content=beauty-mask","DRAFT_NOT_PUBLISHED"
"7","Pinterest","ninja-possiblecooker-pro-plus","Cozy Kitchen Product Comparison","Compare cooker capacity and cooking settings. Read more on PIREVO. #ad","Actual Ninja model in warm kitchen.","https://www.astralabsph.com/pirevo/products/ninja-possiblecooker-pro-plus/?utm_source=pinterest&utm_medium=organic_social&utm_campaign=pirevo_trends_oct2026&utm_content=cozy-cooker","DRAFT_NOT_PUBLISHED"
"8","Pinterest","govee-tv-backlight-3-lite","Room Lighting Upgrade Ideas","Review compatibility and setup for a TV backlight. Read more on PIREVO. #ad","Product-correct lighting setup, illustrative where applicable.","https://www.astralabsph.com/pirevo/products/govee-tv-backlight-3-lite/?utm_source=pinterest&utm_medium=organic_social&utm_campaign=pirevo_trends_oct2026&utm_content=room-lighting","DRAFT_NOT_PUBLISHED"
"9","Pinterest","bagsmart-hanging-toiletry","Travel Toiletry Organization","Compare compartments, hook and travel bag size. Read more on PIREVO. #ad","Real BAGSMART product on travel countertop.","https://www.astralabsph.com/pirevo/products/bagsmart-hanging-toiletry/?utm_source=pinterest&utm_medium=organic_social&utm_campaign=pirevo_trends_oct2026&utm_content=travel-bags","DRAFT_NOT_PUBLISHED"
"10","Pinterest","stanley-quencher-30-rose-quartz","Everyday Tumbler Gift Ideas","Consider size, color, handling and cleaning. Read more on PIREVO. #ad","Exact Rose Quartz Stanley tumbler with neutral background.","https://www.astralabsph.com/pirevo/products/stanley-quencher-30-rose-quartz/?utm_source=pinterest&utm_medium=organic_social&utm_campaign=pirevo_trends_oct2026&utm_content=tumbler-gifts","DRAFT_NOT_PUBLISHED"
"11","Pinterest","godonlif-candle-warmer-lamp","Cozy Home Lighting Picks","Compare candle warmer dimensions and safety features. Read more on PIREVO. #ad","Actual product in soft-lit autumn room.","https://www.astralabsph.com/pirevo/products/godonlif-candle-warmer-lamp/?utm_source=pinterest&utm_medium=organic_social&utm_campaign=pirevo_trends_oct2026&utm_content=cozy-lamp","DRAFT_NOT_PUBLISHED"
"12","Pinterest","brightown-fairy-lights-12","Holiday Lighting for Small Spaces","Compare length, power and placement. Read more on PIREVO. #ad","Actual fairy light product on a seasonal mantel.","https://www.astralabsph.com/pirevo/products/brightown-fairy-lights-12/?utm_source=pinterest&utm_medium=organic_social&utm_campaign=pirevo_trends_oct2026&utm_content=holiday-lighting","DRAFT_NOT_PUBLISHED"
