"date_pht","day","channel","slot","product_slug","product_label","creative_hook","source_scope","pinterest_title","description","destination_url","media_status","publish_status","source_evidence"
"2026-10-10","1","Pinterest","1","lovevook-satchel","Leather-Look Satchel Tote","What to check before buying","category","Before You Buy: Leather-Look Satchel Tote","What to check before buying for Leather-Look Satchel Tote. Compare features, fit and retailer details in PIREVO’s editorial product page. Prices and availability are checked on Amazon. Affiliate links: PIREVO may earn commission on qualifying purchases.","https://www.astralabsph.com/pirevo/products/lovevook-satchel/?utm_source=pinterest&utm_medium=organic_social&utm_campaign=pirevo_oct2026_growth30&utm_content=lovevook-satchel-utility-d1","NEEDS ORIGINAL RIGHTS-CLEARED 2:3 IMAGE","PLANNED_NOT_POSTED","https://newsroom.pinterest.com/news/pinterest-predicts-nonconformity-self-preservation-and-escapism-drive-21-trends-for-2026/"
"2026-10-10","1","Pinterest","2","cosrx-snail-mucin-96","COSRX Snail Mucin 96 Essence","Useful features worth comparing","product","Buying Guide: COSRX Snail Mucin 96 Essence","Useful features worth comparing for COSRX Snail Mucin 96 Essence. Compare features, fit and retailer details in PIREVO’s editorial product page. Prices and availability are checked on Amazon. Affiliate links: PIREVO may earn commission on qualifying purchases.","https://www.astralabsph.com/pirevo/products/cosrx-snail-mucin-96/?utm_source=pinterest&utm_medium=organic_social&utm_campaign=pirevo_oct2026_growth30&utm_content=cosrx-snail-mucin-96-compare-d1","NEEDS ORIGINAL RIGHTS-CLEARED 2:3 IMAGE","PLANNED_NOT_POSTED","https://www.goodhousekeeping.com/what-to-buy/sales-shopping-news/g73836535/viral-tiktok-products-amazon-sale/"
"2026-10-11","2","Pinterest","1","wrangler-satchel","Top-Handle Satchel Tote","Does it fit your everyday routine?","category","Before You Buy: Top-Handle Satchel Tote","Does it fit your everyday routine? for Top-Handle Satchel Tote. Compare features, fit and retailer details in PIREVO’s editorial product page. Prices and availability are checked on Amazon. Affiliate links: PIREVO may earn commission on qualifying purchases.","https://www.astralabsph.com/pirevo/products/wrangler-satchel/?utm_source=pinterest&utm_medium=organic_social&utm_campaign=pirevo_oct2026_growth30&utm_content=wrangler-satchel-utility-d2","NEEDS ORIGINAL RIGHTS-CLEARED 2:3 IMAGE","PLANNED_NOT_POSTED","https://newsroom.pinterest.com/news/pinterest-predicts-nonconformity-self-preservation-and-escapism-drive-21-trends-for-2026/"
"2026-10-11","2","Pinterest","2","biodance-bio-collagen-real-deep-mask","Biodance Bio-Collagen Real Deep Mask","Buyer checklist","brand/category","Buying Guide: Biodance Bio-Collagen Real Deep Mask","Buyer checklist for Biodance Bio-Collagen Real Deep Mask. Compare features, fit and retailer details in PIREVO’s editorial product page. Prices and availability are checked on Amazon. Affiliate links: PIREVO may earn commission on qualifying purchases.","https://www.astralabsph.com/pirevo/products/biodance-bio-collagen-real-deep-mask/?utm_source=pinterest&utm_medium=organic_social&utm_campaign=pirevo_oct2026_growth30&utm_content=biodance-bio-collagen-real-deep-mask-compare-d2","NEEDS ORIGINAL RIGHTS-CLEARED 2:3 IMAGE","PLANNED_NOT_POSTED","https://shop.tiktok.com/us/k/top-trending-products-on-tiktok"
"2026-10-12","3","Pinterest","1","laneige-lip-sleeping-mask","Lip Sleeping Mask","Smart gift consideration","brand/category","Before You Buy: Lip Sleeping Mask","Smart gift consideration for Lip Sleeping Mask. Compare features, fit and retailer details in PIREVO’s editorial product page. Prices and availability are checked on Amazon. Affiliate links: PIREVO may earn commission on qualifying purchases.","https://www.astralabsph.com/pirevo/products/laneige-lip-sleeping-mask/?utm_source=pinterest&utm_medium=organic_social&utm_campaign=pirevo_oct2026_growth30&utm_content=laneige-lip-sleeping-mask-utility-d3","NEEDS ORIGINAL RIGHTS-CLEARED 2:3 IMAGE","PLANNED_NOT_POSTED","https://people.com/last-chance-amazon-prime-big-deal-days-under-25-2026-12120526"
"2026-10-12","3","Pinterest","2","ninja-possiblecooker-pro-plus","Ninja PossibleCooker PRO Plus","Practical product comparison","brand/category","Buying Guide: Ninja PossibleCooker PRO Plus","Practical product comparison for Ninja PossibleCooker PRO Plus. Compare features, fit and retailer details in PIREVO’s editorial product page. Prices and availability are checked on Amazon. Affiliate links: PIREVO may earn commission on qualifying purchases.","https://www.astralabsph.com/pirevo/products/ninja-possiblecooker-pro-plus/?utm_source=pinterest&utm_medium=organic_social&utm_campaign=pirevo_oct2026_growth30&utm_content=ninja-possiblecooker-pro-plus-compare-d3","NEEDS ORIGINAL RIGHTS-CLEARED 2:3 IMAGE","PLANNED_NOT_POSTED","https://www.foodandwine.com/best-amazon-deals-long-weekend-october-2026-12165000"
"2026-10-13","4","Pinterest","1","bagsmart-hanging-toiletry","Hanging Toiletry Bag","Size and material matters","category","Before You Buy: Hanging Toiletry Bag","Size and material matters for Hanging Toiletry Bag. Compare features, fit and retailer details in PIREVO’s editorial product page. Prices and availability are checked on Amazon. Affiliate links: PIREVO may earn commission on qualifying purchases.","https://www.astralabsph.com/pirevo/products/bagsmart-hanging-toiletry/?utm_source=pinterest&utm_medium=organic_social&utm_campaign=pirevo_oct2026_growth30&utm_content=bagsmart-hanging-toiletry-utility-d4","NEEDS ORIGINAL RIGHTS-CLEARED 2:3 IMAGE","PLANNED_NOT_POSTED","https://people.com/best-amazon-prime-day-deals-october-2026-12120514"
"2026-10-13","4","Pinterest","2","fullstar-pro-chopper","Pro Vegetable Chopper & Spiralizer","Small-space friendly?","category","Buying Guide: Pro Vegetable Chopper & Spiralizer","Small-space friendly? for Pro Vegetable Chopper & Spiralizer. Compare features, fit and retailer details in PIREVO’s editorial product page. Prices and availability are checked on Amazon. Affiliate links: PIREVO may earn commission on qualifying purchases.","https://www.astralabsph.com/pirevo/products/fullstar-pro-chopper/?utm_source=pinterest&utm_medium=organic_social&utm_campaign=pirevo_oct2026_growth30&utm_content=fullstar-pro-chopper-compare-d4","NEEDS ORIGINAL RIGHTS-CLEARED 2:3 IMAGE","PLANNED_NOT_POSTED","https://www.goodhousekeeping.com/what-to-buy/sales-shopping-news/g73836535/viral-tiktok-products-amazon-sale/"
"2026-10-14","5","Pinterest","1","godonlif-candle-warmer-lamp","Candle Warmer Lamp with Timer","Comfort and convenience","category hypothesis","Before You Buy: Candle Warmer Lamp with Timer","Comfort and convenience for Candle Warmer Lamp with Timer. Compare features, fit and retailer details in PIREVO’s editorial product page. Prices and availability are checked on Amazon. Affiliate links: PIREVO may earn commission on qualifying purchases.","https://www.astralabsph.com/pirevo/products/godonlif-candle-warmer-lamp/?utm_source=pinterest&utm_medium=organic_social&utm_campaign=pirevo_oct2026_growth30&utm_content=godonlif-candle-warmer-lamp-utility-d5","NEEDS ORIGINAL RIGHTS-CLEARED 2:3 IMAGE","PLANNED_NOT_POSTED","https://newsroom.pinterest.com/news/pinterest-predicts-nonconformity-self-preservation-and-escapism-drive-21-trends-for-2026/"
"2026-10-14","5","Pinterest","2","stanley-quencher-30-rose-quartz","Stanley Quencher H2.0 30 oz","Review these details first","brand/category","Buying Guide: Stanley Quencher H2.0 30 oz","Review these details first for Stanley Quencher H2.0 30 oz. Compare features, fit and retailer details in PIREVO’s editorial product page. Prices and availability are checked on Amazon. Affiliate links: PIREVO may earn commission on qualifying purchases.","https://www.astralabsph.com/pirevo/products/stanley-quencher-30-rose-quartz/?utm_source=pinterest&utm_medium=organic_social&utm_campaign=pirevo_oct2026_growth30&utm_content=stanley-quencher-30-rose-quartz-compare-d5","NEEDS ORIGINAL RIGHTS-CLEARED 2:3 IMAGE","PLANNED_NOT_POSTED","https://people.com/amazon-october-prime-day-lowest-prices-ever-2026-12120523"
"2026-10-15","6","Pinterest","1","brightown-fairy-lights-12","12-Pack Battery Fairy Lights","Choosing a reliable option","category hypothesis","Before You Buy: 12-Pack Battery Fairy Lights","Choosing a reliable option for 12-Pack Battery Fairy Lights. Compare features, fit and retailer details in PIREVO’s editorial product page. Prices and availability are checked on Amazon. Affiliate links: PIREVO may earn commission on qualifying purchases.","https://www.astralabsph.com/pirevo/products/brightown-fairy-lights-12/?utm_source=pinterest&utm_medium=organic_social&utm_campaign=pirevo_oct2026_growth30&utm_content=brightown-fairy-lights-12-utility-d6","NEEDS ORIGINAL RIGHTS-CLEARED 2:3 IMAGE","PLANNED_NOT_POSTED","https://newsroom.pinterest.com/news/pinterest-predicts-nonconformity-self-preservation-and-escapism-drive-21-trends-for-2026/"
"2026-10-15","6","Pinterest","2","medicube-zero-pore-pad","medicube Zero Pore Pad 2.0","Make the most of your setup","brand/category","Buying Guide: medicube Zero Pore Pad 2.0","Make the most of your setup for medicube Zero Pore Pad 2.0. Compare features, fit and retailer details in PIREVO’s editorial product page. Prices and availability are checked on Amazon. Affiliate links: PIREVO may earn commission on qualifying purchases.","https://www.astralabsph.com/pirevo/products/medicube-zero-pore-pad/?utm_source=pinterest&utm_medium=organic_social&utm_campaign=pirevo_oct2026_growth30&utm_content=medicube-zero-pore-pad-compare-d6","NEEDS ORIGINAL RIGHTS-CLEARED 2:3 IMAGE","PLANNED_NOT_POSTED","https://shop.tiktok.com/us/k/top-amazon-products"
"2026-10-16","7","Pinterest","1","owala-freesip-24-dark","Owala FreeSip 24 oz bottle","What to check before buying","brand/category","Before You Buy: Owala FreeSip 24 oz bottle","What to check before buying for Owala FreeSip 24 oz bottle. Compare features, fit and retailer details in PIREVO’s editorial product page. Prices and availability are checked on Amazon. Affiliate links: PIREVO may earn commission on qualifying purchases.","https://www.astralabsph.com/pirevo/products/owala-freesip-24-dark/?utm_source=pinterest&utm_medium=organic_social&utm_campaign=pirevo_oct2026_growth30&utm_content=owala-freesip-24-dark-utility-d7","NEEDS ORIGINAL RIGHTS-CLEARED 2:3 IMAGE","PLANNED_NOT_POSTED","https://people.com/amazon-october-prime-day-lowest-prices-ever-2026-12120523"
"2026-10-16","7","Pinterest","2","crockpot-manual-7qt","Crock-Pot 7-Quart Slow Cooker","Useful features worth comparing","category","Buying Guide: Crock-Pot 7-Quart Slow Cooker","Useful features worth comparing for Crock-Pot 7-Quart Slow Cooker. Compare features, fit and retailer details in PIREVO’s editorial product page. Prices and availability are checked on Amazon. Affiliate links: PIREVO may earn commission on qualifying purchases.","https://www.astralabsph.com/pirevo/products/crockpot-manual-7qt/?utm_source=pinterest&utm_medium=organic_social&utm_campaign=pirevo_oct2026_growth30&utm_content=crockpot-manual-7qt-compare-d7","NEEDS ORIGINAL RIGHTS-CLEARED 2:3 IMAGE","PLANNED_NOT_POSTED","https://people.com/amazon-october-prime-day-lowest-prices-ever-2026-12120523"
"2026-10-17","8","Pinterest","1","angelkiss-hobo-satchel","Large Hobo Satchel","Does it fit your everyday routine?","category","Before You Buy: Large Hobo Satchel","Does it fit your everyday routine? for Large Hobo Satchel. Compare features, fit and retailer details in PIREVO’s editorial product page. Prices and availability are checked on Amazon. Affiliate links: PIREVO may earn commission on qualifying purchases.","https://www.astralabsph.com/pirevo/products/angelkiss-hobo-satchel/?utm_source=pinterest&utm_medium=organic_social&utm_campaign=pirevo_oct2026_growth30&utm_content=angelkiss-hobo-satchel-utility-d8","NEEDS ORIGINAL RIGHTS-CLEARED 2:3 IMAGE","PLANNED_NOT_POSTED","https://newsroom.pinterest.com/news/pinterest-predicts-nonconformity-self-preservation-and-escapism-drive-21-trends-for-2026/"
"2026-10-17","8","Pinterest","2","govee-smart-light-bar","RGBICWW Smart Light Bar","Buyer checklist","category hypothesis","Buying Guide: RGBICWW Smart Light Bar","Buyer checklist for RGBICWW Smart Light Bar. Compare features, fit and retailer details in PIREVO’s editorial product page. Prices and availability are checked on Amazon. Affiliate links: PIREVO may earn commission on qualifying purchases.","https://www.astralabsph.com/pirevo/products/govee-smart-light-bar/?utm_source=pinterest&utm_medium=organic_social&utm_campaign=pirevo_oct2026_growth30&utm_content=govee-smart-light-bar-compare-d8","NEEDS ORIGINAL RIGHTS-CLEARED 2:3 IMAGE","PLANNED_NOT_POSTED","https://newsroom.pinterest.com/news/pinterest-predicts-nonconformity-self-preservation-and-escapism-drive-21-trends-for-2026/"
"2026-10-18","9","Pinterest","1","govee-table-lamp-2","RGBIC Smart Table Lamp 2","Smart gift consideration","category hypothesis","Before You Buy: RGBIC Smart Table Lamp 2","Smart gift consideration for RGBIC Smart Table Lamp 2. Compare features, fit and retailer details in PIREVO’s editorial product page. Prices and availability are checked on Amazon. Affiliate links: PIREVO may earn commission on qualifying purchases.","https://www.astralabsph.com/pirevo/products/govee-table-lamp-2/?utm_source=pinterest&utm_medium=organic_social&utm_campaign=pirevo_oct2026_growth30&utm_content=govee-table-lamp-2-utility-d9","NEEDS ORIGINAL RIGHTS-CLEARED 2:3 IMAGE","PLANNED_NOT_POSTED","https://newsroom.pinterest.com/news/pinterest-predicts-nonconformity-self-preservation-and-escapism-drive-21-trends-for-2026/"
"2026-10-18","9","Pinterest","2","lego-botanicals-tiny-plants","Botanicals Tiny Plants 10329","Practical product comparison","category hypothesis","Buying Guide: Botanicals Tiny Plants 10329","Practical product comparison for Botanicals Tiny Plants 10329. Compare features, fit and retailer details in PIREVO’s editorial product page. Prices and availability are checked on Amazon. Affiliate links: PIREVO may earn commission on qualifying purchases.","https://www.astralabsph.com/pirevo/products/lego-botanicals-tiny-plants/?utm_source=pinterest&utm_medium=organic_social&utm_campaign=pirevo_oct2026_growth30&utm_content=lego-botanicals-tiny-plants-compare-d9","NEEDS ORIGINAL RIGHTS-CLEARED 2:3 IMAGE","PLANNED_NOT_POSTED","https://newsroom.pinterest.com/news/pinterest-predicts-nonconformity-self-preservation-and-escapism-drive-21-trends-for-2026/"
"2026-10-19","10","Pinterest","1","eldnacele-halloween-skull-candles","Skull Halloween Flameless Candles","Size and material matters","category hypothesis","Before You Buy: Skull Halloween Flameless Candles","Size and material matters for Skull Halloween Flameless Candles. Compare features, fit and retailer details in PIREVO’s editorial product page. Prices and availability are checked on Amazon. Affiliate links: PIREVO may earn commission on qualifying purchases.","https://www.astralabsph.com/pirevo/products/eldnacele-halloween-skull-candles/?utm_source=pinterest&utm_medium=organic_social&utm_campaign=pirevo_oct2026_growth30&utm_content=eldnacele-halloween-skull-candles-utility-d10","NEEDS ORIGINAL RIGHTS-CLEARED 2:3 IMAGE","PLANNED_NOT_POSTED","https://newsroom.pinterest.com/news/pinterest-predicts-nonconformity-self-preservation-and-escapism-drive-21-trends-for-2026/"
"2026-10-19","10","Pinterest","2","homemory-50-flameless-tealights","50-Pack Flameless Tea Lights","Small-space friendly?","category hypothesis","Buying Guide: 50-Pack Flameless Tea Lights","Small-space friendly? for 50-Pack Flameless Tea Lights. Compare features, fit and retailer details in PIREVO’s editorial product page. Prices and availability are checked on Amazon. Affiliate links: PIREVO may earn commission on qualifying purchases.","https://www.astralabsph.com/pirevo/products/homemory-50-flameless-tealights/?utm_source=pinterest&utm_medium=organic_social&utm_campaign=pirevo_oct2026_growth30&utm_content=homemory-50-flameless-tealights-compare-d10","NEEDS ORIGINAL RIGHTS-CLEARED 2:3 IMAGE","PLANNED_NOT_POSTED","https://newsroom.pinterest.com/news/pinterest-predicts-nonconformity-self-preservation-and-escapism-drive-21-trends-for-2026/"
"2026-10-20","11","Pinterest","1","bcp-prelit-outdoor-wreath","Best Choice Products 36in Pre-Lit Outdoor Christmas Wreath Decoration","Comfort and convenience","category hypothesis","Before You Buy: Best Choice Products 36in Pre-Lit Outdoor Christmas Wreath","Comfort and convenience for Best Choice Products 36in Pre-Lit Outdoor Christmas Wreath Decoration. Compare features, fit and retailer details in PIREVO’s editorial product page. Prices and availability are checked on Amazon. Affiliate links: PIREVO may earn commission on qualifying purchases.","https://www.astralabsph.com/pirevo/products/bcp-prelit-outdoor-wreath/?utm_source=pinterest&utm_medium=organic_social&utm_campaign=pirevo_oct2026_growth30&utm_content=bcp-prelit-outdoor-wreath-utility-d11","NEEDS ORIGINAL RIGHTS-CLEARED 2:3 IMAGE","PLANNED_NOT_POSTED","https://newsroom.pinterest.com/news/pinterest-predicts-nonconformity-self-preservation-and-escapism-drive-21-trends-for-2026/"
"2026-10-20","11","Pinterest","2","piteno-140-bat-wall-decor","140-Piece 3D Bat Wall Decor","Review these details first","category hypothesis","Buying Guide: 140-Piece 3D Bat Wall Decor","Review these details first for 140-Piece 3D Bat Wall Decor. Compare features, fit and retailer details in PIREVO’s editorial product page. Prices and availability are checked on Amazon. Affiliate links: PIREVO may earn commission on qualifying purchases.","https://www.astralabsph.com/pirevo/products/piteno-140-bat-wall-decor/?utm_source=pinterest&utm_medium=organic_social&utm_campaign=pirevo_oct2026_growth30&utm_content=piteno-140-bat-wall-decor-compare-d11","NEEDS ORIGINAL RIGHTS-CLEARED 2:3 IMAGE","PLANNED_NOT_POSTED","https://newsroom.pinterest.com/news/pinterest-predicts-nonconformity-self-preservation-and-escapism-drive-21-trends-for-2026/"
"2026-10-21","12","Pinterest","1","bedsure-gentlesoft-white-throw","GentleSoft White Throw Blanket","Choosing a reliable option","category hypothesis","Before You Buy: GentleSoft White Throw Blanket","Choosing a reliable option for GentleSoft White Throw Blanket. Compare features, fit and retailer details in PIREVO’s editorial product page. Prices and availability are checked on Amazon. Affiliate links: PIREVO may earn commission on qualifying purchases.","https://www.astralabsph.com/pirevo/products/bedsure-gentlesoft-white-throw/?utm_source=pinterest&utm_medium=organic_social&utm_campaign=pirevo_oct2026_growth30&utm_content=bedsure-gentlesoft-white-throw-utility-d12","NEEDS ORIGINAL RIGHTS-CLEARED 2:3 IMAGE","PLANNED_NOT_POSTED","https://newsroom.pinterest.com/news/pinterest-predicts-nonconformity-self-preservation-and-escapism-drive-21-trends-for-2026/"
"2026-10-21","12","Pinterest","2","eos-vanilla-cashmere-lotion","Vanilla Cashmere Body Lotion","Make the most of your setup","category hypothesis","Buying Guide: Vanilla Cashmere Body Lotion","Make the most of your setup for Vanilla Cashmere Body Lotion. Compare features, fit and retailer details in PIREVO’s editorial product page. Prices and availability are checked on Amazon. Affiliate links: PIREVO may earn commission on qualifying purchases.","https://www.astralabsph.com/pirevo/products/eos-vanilla-cashmere-lotion/?utm_source=pinterest&utm_medium=organic_social&utm_campaign=pirevo_oct2026_growth30&utm_content=eos-vanilla-cashmere-lotion-compare-d12","NEEDS ORIGINAL RIGHTS-CLEARED 2:3 IMAGE","PLANNED_NOT_POSTED","https://newsroom.pinterest.com/news/pinterest-predicts-nonconformity-self-preservation-and-escapism-drive-21-trends-for-2026/"
"2026-10-22","13","Pinterest","1","cerave-moisturizing-cream","Moisturizing Cream 19 oz","What to check before buying","brand/category","Before You Buy: Moisturizing Cream 19 oz","What to check before buying for Moisturizing Cream 19 oz. Compare features, fit and retailer details in PIREVO’s editorial product page. Prices and availability are checked on Amazon. Affiliate links: PIREVO may earn commission on qualifying purchases.","https://www.astralabsph.com/pirevo/products/cerave-moisturizing-cream/?utm_source=pinterest&utm_medium=organic_social&utm_campaign=pirevo_oct2026_growth30&utm_content=cerave-moisturizing-cream-utility-d13","NEEDS ORIGINAL RIGHTS-CLEARED 2:3 IMAGE","PLANNED_NOT_POSTED","https://people.com/last-chance-amazon-prime-big-deal-days-under-25-2026-12120526"
"2026-10-22","13","Pinterest","2","illiyoon-ceramide-ato","Ceramide Ato Concentrate Cream","Useful features worth comparing","brand/category","Buying Guide: Ceramide Ato Concentrate Cream","Useful features worth comparing for Ceramide Ato Concentrate Cream. Compare features, fit and retailer details in PIREVO’s editorial product page. Prices and availability are checked on Amazon. Affiliate links: PIREVO may earn commission on qualifying purchases.","https://www.astralabsph.com/pirevo/products/illiyoon-ceramide-ato/?utm_source=pinterest&utm_medium=organic_social&utm_campaign=pirevo_oct2026_growth30&utm_content=illiyoon-ceramide-ato-compare-d13","NEEDS ORIGINAL RIGHTS-CLEARED 2:3 IMAGE","PLANNED_NOT_POSTED","https://people.com/last-chance-amazon-prime-big-deal-days-under-25-2026-12120526"
"2026-10-23","14","Pinterest","1","la-roche-posay-toleriane","Toleriane Double Repair Moisturizer","Does it fit your everyday routine?","brand/category","Before You Buy: Toleriane Double Repair Moisturizer","Does it fit your everyday routine? for Toleriane Double Repair Moisturizer. Compare features, fit and retailer details in PIREVO’s editorial product page. Prices and availability are checked on Amazon. Affiliate links: PIREVO may earn commission on qualifying purchases.","https://www.astralabsph.com/pirevo/products/la-roche-posay-toleriane/?utm_source=pinterest&utm_medium=organic_social&utm_campaign=pirevo_oct2026_growth30&utm_content=la-roche-posay-toleriane-utility-d14","NEEDS ORIGINAL RIGHTS-CLEARED 2:3 IMAGE","PLANNED_NOT_POSTED","https://people.com/last-chance-amazon-prime-big-deal-days-under-25-2026-12120526"
"2026-10-23","14","Pinterest","2","mighty-patch-original-36","Mighty Patch Original, 36 Count","Buyer checklist","category","Buying Guide: Mighty Patch Original, 36 Count","Buyer checklist for Mighty Patch Original, 36 Count. Compare features, fit and retailer details in PIREVO’s editorial product page. Prices and availability are checked on Amazon. Affiliate links: PIREVO may earn commission on qualifying purchases.","https://www.astralabsph.com/pirevo/products/mighty-patch-original-36/?utm_source=pinterest&utm_medium=organic_social&utm_campaign=pirevo_oct2026_growth30&utm_content=mighty-patch-original-36-compare-d14","NEEDS ORIGINAL RIGHTS-CLEARED 2:3 IMAGE","PLANNED_NOT_POSTED","https://www.goodhousekeeping.com/what-to-buy/sales-shopping-news/g73836535/viral-tiktok-products-amazon-sale/"
"2026-10-24","15","Pinterest","1","clean-skin-club-towels-xl","Clean Towels XL, 50 Count","Smart gift consideration","category","Before You Buy: Clean Towels XL, 50 Count","Smart gift consideration for Clean Towels XL, 50 Count. Compare features, fit and retailer details in PIREVO’s editorial product page. Prices and availability are checked on Amazon. Affiliate links: PIREVO may earn commission on qualifying purchases.","https://www.astralabsph.com/pirevo/products/clean-skin-club-towels-xl/?utm_source=pinterest&utm_medium=organic_social&utm_campaign=pirevo_oct2026_growth30&utm_content=clean-skin-club-towels-xl-utility-d15","NEEDS ORIGINAL RIGHTS-CLEARED 2:3 IMAGE","PLANNED_NOT_POSTED","https://www.goodhousekeeping.com/what-to-buy/sales-shopping-news/g73836535/viral-tiktok-products-amazon-sale/"
"2026-10-24","15","Pinterest","2","ocedar-easywring-spin-mop","EasyWring Spin Mop & Bucket","Practical product comparison","category","Buying Guide: EasyWring Spin Mop & Bucket","Practical product comparison for EasyWring Spin Mop & Bucket. Compare features, fit and retailer details in PIREVO’s editorial product page. Prices and availability are checked on Amazon. Affiliate links: PIREVO may earn commission on qualifying purchases.","https://www.astralabsph.com/pirevo/products/ocedar-easywring-spin-mop/?utm_source=pinterest&utm_medium=organic_social&utm_campaign=pirevo_oct2026_growth30&utm_content=ocedar-easywring-spin-mop-compare-d15","NEEDS ORIGINAL RIGHTS-CLEARED 2:3 IMAGE","PLANNED_NOT_POSTED","https://www.goodhousekeeping.com/what-to-buy/sales-shopping-news/g73836535/viral-tiktok-products-amazon-sale/"
"2026-10-25","16","Pinterest","1","elf-halo-glow-3","Halo Glow Liquid Filter, Shade 3","Size and material matters","category hypothesis","Before You Buy: Halo Glow Liquid Filter, Shade 3","Size and material matters for Halo Glow Liquid Filter, Shade 3. Compare features, fit and retailer details in PIREVO’s editorial product page. Prices and availability are checked on Amazon. Affiliate links: PIREVO may earn commission on qualifying purchases.","https://www.astralabsph.com/pirevo/products/elf-halo-glow-3/?utm_source=pinterest&utm_medium=organic_social&utm_campaign=pirevo_oct2026_growth30&utm_content=elf-halo-glow-3-utility-d16","NEEDS ORIGINAL RIGHTS-CLEARED 2:3 IMAGE","PLANNED_NOT_POSTED","https://newsroom.pinterest.com/news/pinterest-predicts-nonconformity-self-preservation-and-escapism-drive-21-trends-for-2026/"
"2026-10-25","16","Pinterest","2","astercook-13pc-knife-set","13-Piece Kitchen Knife Set","Small-space friendly?","product","Buying Guide: 13-Piece Kitchen Knife Set","Small-space friendly? for 13-Piece Kitchen Knife Set. Compare features, fit and retailer details in PIREVO’s editorial product page. Prices and availability are checked on Amazon. Affiliate links: PIREVO may earn commission on qualifying purchases.","https://www.astralabsph.com/pirevo/products/astercook-13pc-knife-set/?utm_source=pinterest&utm_medium=organic_social&utm_campaign=pirevo_oct2026_growth30&utm_content=astercook-13pc-knife-set-compare-d16","NEEDS ORIGINAL RIGHTS-CLEARED 2:3 IMAGE","PLANNED_NOT_POSTED","https://nypost.com/2026/10/06/shopping/viral-amazon-products-on-sale-for-prime-day/"
"2026-10-26","17","Pinterest","1","churboro-spice-jars-25","25-Pack Glass Spice Jars with Labels","Comfort and convenience","category","Before You Buy: 25-Pack Glass Spice Jars with Labels","Comfort and convenience for 25-Pack Glass Spice Jars with Labels. Compare features, fit and retailer details in PIREVO’s editorial product page. Prices and availability are checked on Amazon. Affiliate links: PIREVO may earn commission on qualifying purchases.","https://www.astralabsph.com/pirevo/products/churboro-spice-jars-25/?utm_source=pinterest&utm_medium=organic_social&utm_campaign=pirevo_oct2026_growth30&utm_content=churboro-spice-jars-25-utility-d17","NEEDS ORIGINAL RIGHTS-CLEARED 2:3 IMAGE","PLANNED_NOT_POSTED","https://www.foodandwine.com/best-amazon-deals-long-weekend-october-2026-12165000"
"2026-10-26","17","Pinterest","2","rubbermaid-brilliance-5","Brilliance Food Storage Set","Review these details first","category","Buying Guide: Brilliance Food Storage Set","Review these details first for Brilliance Food Storage Set. Compare features, fit and retailer details in PIREVO’s editorial product page. Prices and availability are checked on Amazon. Affiliate links: PIREVO may earn commission on qualifying purchases.","https://www.astralabsph.com/pirevo/products/rubbermaid-brilliance-5/?utm_source=pinterest&utm_medium=organic_social&utm_campaign=pirevo_oct2026_growth30&utm_content=rubbermaid-brilliance-5-compare-d17","NEEDS ORIGINAL RIGHTS-CLEARED 2:3 IMAGE","PLANNED_NOT_POSTED","https://www.foodandwine.com/best-amazon-deals-long-weekend-october-2026-12165000"
"2026-10-27","18","Pinterest","1","vtopmart-drawer-organizers-25","25-Piece Clear Drawer Organizer Set","Choosing a reliable option","category","Before You Buy: 25-Piece Clear Drawer Organizer Set","Choosing a reliable option for 25-Piece Clear Drawer Organizer Set. Compare features, fit and retailer details in PIREVO’s editorial product page. Prices and availability are checked on Amazon. Affiliate links: PIREVO may earn commission on qualifying purchases.","https://www.astralabsph.com/pirevo/products/vtopmart-drawer-organizers-25/?utm_source=pinterest&utm_medium=organic_social&utm_campaign=pirevo_oct2026_growth30&utm_content=vtopmart-drawer-organizers-25-utility-d18","NEEDS ORIGINAL RIGHTS-CLEARED 2:3 IMAGE","PLANNED_NOT_POSTED","https://www.foodandwine.com/best-amazon-deals-long-weekend-october-2026-12165000"
"2026-10-27","18","Pinterest","2","anker-nano-3in1-10k","Nano 3-in-1 10K Portable Charger","Make the most of your setup","category","Buying Guide: Nano 3-in-1 10K Portable Charger","Make the most of your setup for Nano 3-in-1 10K Portable Charger. Compare features, fit and retailer details in PIREVO’s editorial product page. Prices and availability are checked on Amazon. Affiliate links: PIREVO may earn commission on qualifying purchases.","https://www.astralabsph.com/pirevo/products/anker-nano-3in1-10k/?utm_source=pinterest&utm_medium=organic_social&utm_campaign=pirevo_oct2026_growth30&utm_content=anker-nano-3in1-10k-compare-d18","NEEDS ORIGINAL RIGHTS-CLEARED 2:3 IMAGE","PLANNED_NOT_POSTED","https://people.com/best-amazon-prime-day-deals-october-2026-12120514"
"2026-10-28","19","Pinterest","1","echo-dot-charcoal","Echo Dot, Charcoal","What to check before buying","category","Before You Buy: Echo Dot, Charcoal","What to check before buying for Echo Dot, Charcoal. Compare features, fit and retailer details in PIREVO’s editorial product page. Prices and availability are checked on Amazon. Affiliate links: PIREVO may earn commission on qualifying purchases.","https://www.astralabsph.com/pirevo/products/echo-dot-charcoal/?utm_source=pinterest&utm_medium=organic_social&utm_campaign=pirevo_oct2026_growth30&utm_content=echo-dot-charcoal-utility-d19","NEEDS ORIGINAL RIGHTS-CLEARED 2:3 IMAGE","PLANNED_NOT_POSTED","https://people.com/best-amazon-prime-day-deals-october-2026-12120514"
"2026-10-28","19","Pinterest","2","jbl-clip-5-black","Clip 5 Bluetooth Speaker, Black","Useful features worth comparing","category","Buying Guide: Clip 5 Bluetooth Speaker, Black","Useful features worth comparing for Clip 5 Bluetooth Speaker, Black. Compare features, fit and retailer details in PIREVO’s editorial product page. Prices and availability are checked on Amazon. Affiliate links: PIREVO may earn commission on qualifying purchases.","https://www.astralabsph.com/pirevo/products/jbl-clip-5-black/?utm_source=pinterest&utm_medium=organic_social&utm_campaign=pirevo_oct2026_growth30&utm_content=jbl-clip-5-black-compare-d19","NEEDS ORIGINAL RIGHTS-CLEARED 2:3 IMAGE","PLANNED_NOT_POSTED","https://people.com/best-amazon-prime-day-deals-october-2026-12120514"
"2026-10-29","20","Pinterest","1","roku-streaming-stick-hd","Streaming Stick HD","Does it fit your everyday routine?","category","Before You Buy: Streaming Stick HD","Does it fit your everyday routine? for Streaming Stick HD. Compare features, fit and retailer details in PIREVO’s editorial product page. Prices and availability are checked on Amazon. Affiliate links: PIREVO may earn commission on qualifying purchases.","https://www.astralabsph.com/pirevo/products/roku-streaming-stick-hd/?utm_source=pinterest&utm_medium=organic_social&utm_campaign=pirevo_oct2026_growth30&utm_content=roku-streaming-stick-hd-utility-d20","NEEDS ORIGINAL RIGHTS-CLEARED 2:3 IMAGE","PLANNED_NOT_POSTED","https://people.com/best-amazon-prime-day-deals-october-2026-12120514"
"2026-10-29","20","Pinterest","2","touchat-wearable-blanket-hoodie","Touchat Wearable Blanket Hoodie","Buyer checklist","category","Buying Guide: Touchat Wearable Blanket Hoodie","Buyer checklist for Touchat Wearable Blanket Hoodie. Compare features, fit and retailer details in PIREVO’s editorial product page. Prices and availability are checked on Amazon. Affiliate links: PIREVO may earn commission on qualifying purchases.","https://www.astralabsph.com/pirevo/products/touchat-wearable-blanket-hoodie/?utm_source=pinterest&utm_medium=organic_social&utm_campaign=pirevo_oct2026_growth30&utm_content=touchat-wearable-blanket-hoodie-compare-d20","NEEDS ORIGINAL RIGHTS-CLEARED 2:3 IMAGE","PLANNED_NOT_POSTED","https://people.com/best-amazon-prime-day-deals-october-2026-12120514"
"2026-10-30","21","Pinterest","1","smirly-bamboo-charcuterie-board","Large Bamboo Charcuterie Board Set","Smart gift consideration","category","Before You Buy: Large Bamboo Charcuterie Board Set","Smart gift consideration for Large Bamboo Charcuterie Board Set. Compare features, fit and retailer details in PIREVO’s editorial product page. Prices and availability are checked on Amazon. Affiliate links: PIREVO may earn commission on qualifying purchases.","https://www.astralabsph.com/pirevo/products/smirly-bamboo-charcuterie-board/?utm_source=pinterest&utm_medium=organic_social&utm_campaign=pirevo_oct2026_growth30&utm_content=smirly-bamboo-charcuterie-board-utility-d21","NEEDS ORIGINAL RIGHTS-CLEARED 2:3 IMAGE","PLANNED_NOT_POSTED","https://people.com/best-amazon-prime-day-deals-october-2026-12120514"
"2026-10-30","21","Pinterest","2","amazon-smart-plug-2","Smart Plug 2-Pack","Practical product comparison","brand/category","Buying Guide: Smart Plug 2-Pack","Practical product comparison for Smart Plug 2-Pack. Compare features, fit and retailer details in PIREVO’s editorial product page. Prices and availability are checked on Amazon. Affiliate links: PIREVO may earn commission on qualifying purchases.","https://www.astralabsph.com/pirevo/products/amazon-smart-plug-2/?utm_source=pinterest&utm_medium=organic_social&utm_campaign=pirevo_oct2026_growth30&utm_content=amazon-smart-plug-2-compare-d21","NEEDS ORIGINAL RIGHTS-CLEARED 2:3 IMAGE","PLANNED_NOT_POSTED","https://people.com/last-chance-amazon-prime-big-deal-days-under-25-2026-12120526"
"2026-10-31","22","Pinterest","1","govee-tv-backlight-3-lite","TV Backlight 3 Lite","Size and material matters","category hypothesis","Before You Buy: TV Backlight 3 Lite","Size and material matters for TV Backlight 3 Lite. Compare features, fit and retailer details in PIREVO’s editorial product page. Prices and availability are checked on Amazon. Affiliate links: PIREVO may earn commission on qualifying purchases.","https://www.astralabsph.com/pirevo/products/govee-tv-backlight-3-lite/?utm_source=pinterest&utm_medium=organic_social&utm_campaign=pirevo_oct2026_growth30&utm_content=govee-tv-backlight-3-lite-utility-d22","NEEDS ORIGINAL RIGHTS-CLEARED 2:3 IMAGE","PLANNED_NOT_POSTED","https://newsroom.pinterest.com/news/pinterest-predicts-nonconformity-self-preservation-and-escapism-drive-21-trends-for-2026/"
"2026-10-31","22","Pinterest","2","taygeer-carryon-backpack","TSA Carry-On Travel Backpack","Small-space friendly?","category","Buying Guide: TSA Carry-On Travel Backpack","Small-space friendly? for TSA Carry-On Travel Backpack. Compare features, fit and retailer details in PIREVO’s editorial product page. Prices and availability are checked on Amazon. Affiliate links: PIREVO may earn commission on qualifying purchases.","https://www.astralabsph.com/pirevo/products/taygeer-carryon-backpack/?utm_source=pinterest&utm_medium=organic_social&utm_campaign=pirevo_oct2026_growth30&utm_content=taygeer-carryon-backpack-compare-d22","NEEDS ORIGINAL RIGHTS-CLEARED 2:3 IMAGE","PLANNED_NOT_POSTED","https://people.com/best-amazon-prime-day-deals-october-2026-12120514"
"2026-11-01","23","Pinterest","1","bagail-packing-cubes-8","8-Set Packing Cubes","Comfort and convenience","category","Before You Buy: 8-Set Packing Cubes","Comfort and convenience for 8-Set Packing Cubes. Compare features, fit and retailer details in PIREVO’s editorial product page. Prices and availability are checked on Amazon. Affiliate links: PIREVO may earn commission on qualifying purchases.","https://www.astralabsph.com/pirevo/products/bagail-packing-cubes-8/?utm_source=pinterest&utm_medium=organic_social&utm_campaign=pirevo_oct2026_growth30&utm_content=bagail-packing-cubes-8-utility-d23","NEEDS ORIGINAL RIGHTS-CLEARED 2:3 IMAGE","PLANNED_NOT_POSTED","https://people.com/best-amazon-prime-day-deals-october-2026-12120514"
"2026-11-01","23","Pinterest","2","travel-inspira-luggage-scale","Digital Luggage Scale","Review these details first","category","Buying Guide: Digital Luggage Scale","Review these details first for Digital Luggage Scale. Compare features, fit and retailer details in PIREVO’s editorial product page. Prices and availability are checked on Amazon. Affiliate links: PIREVO may earn commission on qualifying purchases.","https://www.astralabsph.com/pirevo/products/travel-inspira-luggage-scale/?utm_source=pinterest&utm_medium=organic_social&utm_campaign=pirevo_oct2026_growth30&utm_content=travel-inspira-luggage-scale-compare-d23","NEEDS ORIGINAL RIGHTS-CLEARED 2:3 IMAGE","PLANNED_NOT_POSTED","https://people.com/best-amazon-prime-day-deals-october-2026-12120514"
"2026-11-02","24","Pinterest","1","lovevook-satchel","Leather-Look Satchel Tote","Choosing a reliable option","category","Before You Buy: Leather-Look Satchel Tote","Choosing a reliable option for Leather-Look Satchel Tote. Compare features, fit and retailer details in PIREVO’s editorial product page. Prices and availability are checked on Amazon. Affiliate links: PIREVO may earn commission on qualifying purchases.","https://www.astralabsph.com/pirevo/products/lovevook-satchel/?utm_source=pinterest&utm_medium=organic_social&utm_campaign=pirevo_oct2026_growth30&utm_content=lovevook-satchel-utility-d24","NEEDS ORIGINAL RIGHTS-CLEARED 2:3 IMAGE","PLANNED_NOT_POSTED","https://newsroom.pinterest.com/news/pinterest-predicts-nonconformity-self-preservation-and-escapism-drive-21-trends-for-2026/"
"2026-11-02","24","Pinterest","2","cosrx-snail-mucin-96","COSRX Snail Mucin 96 Essence","Make the most of your setup","product","Buying Guide: COSRX Snail Mucin 96 Essence","Make the most of your setup for COSRX Snail Mucin 96 Essence. Compare features, fit and retailer details in PIREVO’s editorial product page. Prices and availability are checked on Amazon. Affiliate links: PIREVO may earn commission on qualifying purchases.","https://www.astralabsph.com/pirevo/products/cosrx-snail-mucin-96/?utm_source=pinterest&utm_medium=organic_social&utm_campaign=pirevo_oct2026_growth30&utm_content=cosrx-snail-mucin-96-compare-d24","NEEDS ORIGINAL RIGHTS-CLEARED 2:3 IMAGE","PLANNED_NOT_POSTED","https://www.goodhousekeeping.com/what-to-buy/sales-shopping-news/g73836535/viral-tiktok-products-amazon-sale/"
"2026-11-03","25","Pinterest","1","wrangler-satchel","Top-Handle Satchel Tote","What to check before buying","category","Before You Buy: Top-Handle Satchel Tote","What to check before buying for Top-Handle Satchel Tote. Compare features, fit and retailer details in PIREVO’s editorial product page. Prices and availability are checked on Amazon. Affiliate links: PIREVO may earn commission on qualifying purchases.","https://www.astralabsph.com/pirevo/products/wrangler-satchel/?utm_source=pinterest&utm_medium=organic_social&utm_campaign=pirevo_oct2026_growth30&utm_content=wrangler-satchel-utility-d25","NEEDS ORIGINAL RIGHTS-CLEARED 2:3 IMAGE","PLANNED_NOT_POSTED","https://newsroom.pinterest.com/news/pinterest-predicts-nonconformity-self-preservation-and-escapism-drive-21-trends-for-2026/"
"2026-11-03","25","Pinterest","2","biodance-bio-collagen-real-deep-mask","Biodance Bio-Collagen Real Deep Mask","Useful features worth comparing","brand/category","Buying Guide: Biodance Bio-Collagen Real Deep Mask","Useful features worth comparing for Biodance Bio-Collagen Real Deep Mask. Compare features, fit and retailer details in PIREVO’s editorial product page. Prices and availability are checked on Amazon. Affiliate links: PIREVO may earn commission on qualifying purchases.","https://www.astralabsph.com/pirevo/products/biodance-bio-collagen-real-deep-mask/?utm_source=pinterest&utm_medium=organic_social&utm_campaign=pirevo_oct2026_growth30&utm_content=biodance-bio-collagen-real-deep-mask-compare-d25","NEEDS ORIGINAL RIGHTS-CLEARED 2:3 IMAGE","PLANNED_NOT_POSTED","https://shop.tiktok.com/us/k/top-trending-products-on-tiktok"
"2026-11-04","26","Pinterest","1","laneige-lip-sleeping-mask","Lip Sleeping Mask","Does it fit your everyday routine?","brand/category","Before You Buy: Lip Sleeping Mask","Does it fit your everyday routine? for Lip Sleeping Mask. Compare features, fit and retailer details in PIREVO’s editorial product page. Prices and availability are checked on Amazon. Affiliate links: PIREVO may earn commission on qualifying purchases.","https://www.astralabsph.com/pirevo/products/laneige-lip-sleeping-mask/?utm_source=pinterest&utm_medium=organic_social&utm_campaign=pirevo_oct2026_growth30&utm_content=laneige-lip-sleeping-mask-utility-d26","NEEDS ORIGINAL RIGHTS-CLEARED 2:3 IMAGE","PLANNED_NOT_POSTED","https://people.com/last-chance-amazon-prime-big-deal-days-under-25-2026-12120526"
"2026-11-04","26","Pinterest","2","ninja-possiblecooker-pro-plus","Ninja PossibleCooker PRO Plus","Buyer checklist","brand/category","Buying Guide: Ninja PossibleCooker PRO Plus","Buyer checklist for Ninja PossibleCooker PRO Plus. Compare features, fit and retailer details in PIREVO’s editorial product page. Prices and availability are checked on Amazon. Affiliate links: PIREVO may earn commission on qualifying purchases.","https://www.astralabsph.com/pirevo/products/ninja-possiblecooker-pro-plus/?utm_source=pinterest&utm_medium=organic_social&utm_campaign=pirevo_oct2026_growth30&utm_content=ninja-possiblecooker-pro-plus-compare-d26","NEEDS ORIGINAL RIGHTS-CLEARED 2:3 IMAGE","PLANNED_NOT_POSTED","https://www.foodandwine.com/best-amazon-deals-long-weekend-october-2026-12165000"
"2026-11-05","27","Pinterest","1","bagsmart-hanging-toiletry","Hanging Toiletry Bag","Smart gift consideration","category","Before You Buy: Hanging Toiletry Bag","Smart gift consideration for Hanging Toiletry Bag. Compare features, fit and retailer details in PIREVO’s editorial product page. Prices and availability are checked on Amazon. Affiliate links: PIREVO may earn commission on qualifying purchases.","https://www.astralabsph.com/pirevo/products/bagsmart-hanging-toiletry/?utm_source=pinterest&utm_medium=organic_social&utm_campaign=pirevo_oct2026_growth30&utm_content=bagsmart-hanging-toiletry-utility-d27","NEEDS ORIGINAL RIGHTS-CLEARED 2:3 IMAGE","PLANNED_NOT_POSTED","https://people.com/best-amazon-prime-day-deals-october-2026-12120514"
"2026-11-05","27","Pinterest","2","fullstar-pro-chopper","Pro Vegetable Chopper & Spiralizer","Practical product comparison","category","Buying Guide: Pro Vegetable Chopper & Spiralizer","Practical product comparison for Pro Vegetable Chopper & Spiralizer. Compare features, fit and retailer details in PIREVO’s editorial product page. Prices and availability are checked on Amazon. Affiliate links: PIREVO may earn commission on qualifying purchases.","https://www.astralabsph.com/pirevo/products/fullstar-pro-chopper/?utm_source=pinterest&utm_medium=organic_social&utm_campaign=pirevo_oct2026_growth30&utm_content=fullstar-pro-chopper-compare-d27","NEEDS ORIGINAL RIGHTS-CLEARED 2:3 IMAGE","PLANNED_NOT_POSTED","https://www.goodhousekeeping.com/what-to-buy/sales-shopping-news/g73836535/viral-tiktok-products-amazon-sale/"
"2026-11-06","28","Pinterest","1","godonlif-candle-warmer-lamp","Candle Warmer Lamp with Timer","Size and material matters","category hypothesis","Before You Buy: Candle Warmer Lamp with Timer","Size and material matters for Candle Warmer Lamp with Timer. Compare features, fit and retailer details in PIREVO’s editorial product page. Prices and availability are checked on Amazon. Affiliate links: PIREVO may earn commission on qualifying purchases.","https://www.astralabsph.com/pirevo/products/godonlif-candle-warmer-lamp/?utm_source=pinterest&utm_medium=organic_social&utm_campaign=pirevo_oct2026_growth30&utm_content=godonlif-candle-warmer-lamp-utility-d28","NEEDS ORIGINAL RIGHTS-CLEARED 2:3 IMAGE","PLANNED_NOT_POSTED","https://newsroom.pinterest.com/news/pinterest-predicts-nonconformity-self-preservation-and-escapism-drive-21-trends-for-2026/"
"2026-11-06","28","Pinterest","2","stanley-quencher-30-rose-quartz","Stanley Quencher H2.0 30 oz","Small-space friendly?","brand/category","Buying Guide: Stanley Quencher H2.0 30 oz","Small-space friendly? for Stanley Quencher H2.0 30 oz. Compare features, fit and retailer details in PIREVO’s editorial product page. Prices and availability are checked on Amazon. Affiliate links: PIREVO may earn commission on qualifying purchases.","https://www.astralabsph.com/pirevo/products/stanley-quencher-30-rose-quartz/?utm_source=pinterest&utm_medium=organic_social&utm_campaign=pirevo_oct2026_growth30&utm_content=stanley-quencher-30-rose-quartz-compare-d28","NEEDS ORIGINAL RIGHTS-CLEARED 2:3 IMAGE","PLANNED_NOT_POSTED","https://people.com/amazon-october-prime-day-lowest-prices-ever-2026-12120523"
"2026-11-07","29","Pinterest","1","brightown-fairy-lights-12","12-Pack Battery Fairy Lights","Comfort and convenience","category hypothesis","Before You Buy: 12-Pack Battery Fairy Lights","Comfort and convenience for 12-Pack Battery Fairy Lights. Compare features, fit and retailer details in PIREVO’s editorial product page. Prices and availability are checked on Amazon. Affiliate links: PIREVO may earn commission on qualifying purchases.","https://www.astralabsph.com/pirevo/products/brightown-fairy-lights-12/?utm_source=pinterest&utm_medium=organic_social&utm_campaign=pirevo_oct2026_growth30&utm_content=brightown-fairy-lights-12-utility-d29","NEEDS ORIGINAL RIGHTS-CLEARED 2:3 IMAGE","PLANNED_NOT_POSTED","https://newsroom.pinterest.com/news/pinterest-predicts-nonconformity-self-preservation-and-escapism-drive-21-trends-for-2026/"
"2026-11-07","29","Pinterest","2","medicube-zero-pore-pad","medicube Zero Pore Pad 2.0","Review these details first","brand/category","Buying Guide: medicube Zero Pore Pad 2.0","Review these details first for medicube Zero Pore Pad 2.0. Compare features, fit and retailer details in PIREVO’s editorial product page. Prices and availability are checked on Amazon. Affiliate links: PIREVO may earn commission on qualifying purchases.","https://www.astralabsph.com/pirevo/products/medicube-zero-pore-pad/?utm_source=pinterest&utm_medium=organic_social&utm_campaign=pirevo_oct2026_growth30&utm_content=medicube-zero-pore-pad-compare-d29","NEEDS ORIGINAL RIGHTS-CLEARED 2:3 IMAGE","PLANNED_NOT_POSTED","https://shop.tiktok.com/us/k/top-amazon-products"
"2026-11-08","30","Pinterest","1","owala-freesip-24-dark","Owala FreeSip 24 oz bottle","Choosing a reliable option","brand/category","Before You Buy: Owala FreeSip 24 oz bottle","Choosing a reliable option for Owala FreeSip 24 oz bottle. Compare features, fit and retailer details in PIREVO’s editorial product page. Prices and availability are checked on Amazon. Affiliate links: PIREVO may earn commission on qualifying purchases.","https://www.astralabsph.com/pirevo/products/owala-freesip-24-dark/?utm_source=pinterest&utm_medium=organic_social&utm_campaign=pirevo_oct2026_growth30&utm_content=owala-freesip-24-dark-utility-d30","NEEDS ORIGINAL RIGHTS-CLEARED 2:3 IMAGE","PLANNED_NOT_POSTED","https://people.com/amazon-october-prime-day-lowest-prices-ever-2026-12120523"
"2026-11-08","30","Pinterest","2","crockpot-manual-7qt","Crock-Pot 7-Quart Slow Cooker","Make the most of your setup","category","Buying Guide: Crock-Pot 7-Quart Slow Cooker","Make the most of your setup for Crock-Pot 7-Quart Slow Cooker. Compare features, fit and retailer details in PIREVO’s editorial product page. Prices and availability are checked on Amazon. Affiliate links: PIREVO may earn commission on qualifying purchases.","https://www.astralabsph.com/pirevo/products/crockpot-manual-7qt/?utm_source=pinterest&utm_medium=organic_social&utm_campaign=pirevo_oct2026_growth30&utm_content=crockpot-manual-7qt-compare-d30","NEEDS ORIGINAL RIGHTS-CLEARED 2:3 IMAGE","PLANNED_NOT_POSTED","https://people.com/amazon-october-prime-day-lowest-prices-ever-2026-12120523"
